statusCode,message,crypto_name,eVol24h,eVol30d,cVol24h,cVol30d,txCnt24h,txCnt30d,txFees24h,txFees30d,txFeesMean24h,cVolAdj24h,ret24h,retMTD,retQTD,retYTD,retY1,retY3,retY5,retSI,volat30d,low52w,high52w,splyCurr,splyTotal,splyMax,ath,ts,src,category,type,algorithm
200,OK,BTC,6298939414,,,,639336.0,15335557.0,1355648.113275,24346175.624158,2.120481,,-0.002817,0.021856,-0.130493,0.603212,0.398072,1.487813,3.003715,79.61227,0.344987,15480.0,31809.12152,19495000.0,21000000.0,21000000.0,68990.9,1695596217683.0,tb,Currency,Digital gold,PoW
200,OK,ETH,3962192234,,,,863503.0,30461812.0,1797748.710074,108737904.312396,2.081925,,-0.001912,-0.034234,-0.178078,0.33002,0.200879,3.595547,5.815162,202.639551,0.305142,1072.69,2139.72,120230003.642295,120230003.642295,,4865.572397,1695596217683.0,tb,Software platform,Global computer,PoW
200,OK,XRP,325600370,,,,1076568.0,30714665.0,1279.635514,33359.563142,0.001189,,-0.002682,-0.006354,0.071927,0.496653,0.028032,1.18305,-0.023404,-0.441268,0.335441,0.301174,0.933516,53245240268.0,99988414766.0,100000000000.0,1.96598,1695596217683.0,tb,Currency,Payments,Custom
200,OK,BCH,78232364,,,,11663.0,1472748.0,74.880332,3985.686847,0.00642,,-0.003931,-0.000333,-0.318155,1.139095,0.727916,-0.038557,-0.556091,-0.859702,0.780504,87.558106,328.298289,19513443.646651,21000000.0,21000000.0,1836.627767,1695596217683.0,tb,Currency,Internet money,PoW
200,OK,ADA,67682795,,,,44351.0,1447682.0,3723.322388,124793.395561,0.083951,,-0.004774,-0.041275,-0.146389,-0.003197,-0.462195,,,-0.795157,0.278947,0.229497,0.463031,35045020830.3234,45000000000.0,45000000000.0,3.098459,1695596217683.0,tb,Software platform,Global computer,PoS
200,OK,XLM,33520435,,,,2106494.0,67576786.0,21.069137,1574.290164,1e-05,,-0.006745,-0.01451,0.022647,0.595526,-0.047469,0.623719,,-0.284581,0.473884,0.070317,0.194801,27702609099.1994,50001787183.4673,50001787183.4673,0.797482,1695596217683.0,tb,Currency,Payments,Custom
200,OK,NEO,12135362,632814939.0,,,146967.0,4429224.0,8.1496,121.160151,5.5e-05,,-0.009002,0.037371,-0.226786,0.20517,-0.131071,-0.659237,-0.607356,-0.8599,0.446915,5.966469,15.590273,70530000.0,100000000.0,,198.38,1695596217683.0,cd,Software platform,Global computer,Custom
200,OK,LTC,173323073,,,,110189.0,3314988.0,649.753464,20063.170356,0.005897,,-0.012474,0.004918,-0.408339,-0.081906,0.178632,0.43555,0.100465,-0.605873,0.47484,47.65471,114.82,73690101.983471,84000000.0,84000000.0,413.47,1695596217683.0,tb,Currency,Digital gold,PoW
200,OK,EOS,46003256,,,,431032.0,16458111.0,,,,,-0.005129,-0.015473,-0.230818,-0.328736,-0.521545,-0.771162,,-0.796834,0.426527,0.509393,1.3397,1121617313.4232,,,14.899198,1695596217683.0,tb,Software platform,Global computer,dPoS
200,OK,XEM,5720675,76706938.0,,,414.0,8763.0,5.766231,77.09071,0.013928,,-0.003231,0.085199,-0.086567,-0.073753,-0.362269,-0.754079,-0.730094,-0.890992,0.393588,0.022197,0.061136,8999999999.0,8999999999.0,,1.87,1695596217683.0,cd,Software platform,Global computer,Custom
200,OK,IOTA,4949970,257599213.0,,,,,,,,,-0.001829,-0.039165,-0.170892,-0.102974,-0.465749,-0.395158,-0.73395,-0.912518,0.494055,0.136039,0.329287,2779530283.277761,2779530283.0,,5.25,1695596217683.0,cd,Software platform,Software platform,Custom
200,OK,DASH,14964795,607718936.0,,,8914.0,321815.0,11.224341,362.565639,0.001259,,-0.005714,0.021577,-0.289414,-0.361948,-0.364084,-0.605171,-0.862043,-0.91227,0.377806,24.114439,77.030494,11465119.782579,18920000.0,,1493.59,1695596217683.0,cd,Currency,Privacy coin,Hybrid
200,OK,XMR,34888184,1649638830.0,,,16681.0,592389.0,689.277626,30533.114596,0.041321,,0.017156,0.008577,-0.14177,-0.02119,0.016059,0.588094,0.2273,-0.072628,0.309348,115.967898,187.463425,18147820.376415,,,542.33,1695596217683.0,cd,Currency,Privacy coin,PoW
200,OK,TRX,142524382,5602130859.0,,,4829219.0,148960851.0,,,,,0.009293,0.100788,0.109484,0.548646,0.4074,2.267734,2.752327,0.414581,0.255958,0.045246,0.093465,89125126784.3479,89125137386.4952,,0.231673,1695596217683.0,cd,Software platform,Global computer,dPoS
200,OK,ICX,1594918,49634973.0,,,,,,,,,-0.012169,0.08105,-0.154893,0.256964,-0.25886,,,-0.516164,0.57025,0.138132,0.485804,967728428.209698,979836029.605243,,13.16,1695596217683.0,cd,Software platform,,
200,OK,ETC,41078357,,,,23443.0,837257.0,19.947058,816.250726,0.000851,,-0.003569,-0.020228,-0.274161,-0.03017,-0.470399,1.608495,0.361104,4.714519,0.371963,12.74,30.1263,143179900.139007,210700000.0,210700000.0,174.731846,1695596217683.0,tb,Software platform,Global computer,PoW
200,OK,QTUM,16771626,532574138.0,,,,,,,,,-0.003615,0.016919,-0.174445,0.20509,-0.232275,-0.043929,-0.436097,-0.832616,0.459188,1.765071,4.322671,104835812.5,107822406.0,,100.22,1695596217683.0,cd,Software platform,Bitcoin infrastructure,PoS
200,OK,BTG,18218437,90135286.0,,,152.0,4928.0,1.62545,27.585773,0.010694,,0.004886,-0.007637,-0.234613,0.093502,-0.396028,0.639135,-0.436721,-0.70945,0.654694,9.893996,44.059067,17513924.0,21000000.0,,456.25,1695596217683.0,cd,Currency,ASIC resistance,PoW
200,OK,VET,22611353,1046635983.0,,,,,,,,,-0.018983,0.055566,-0.149539,0.059904,-0.274635,,,-0.646908,0.531851,0.01323,0.032425,72714516834.0,85985041177.0,86712634466.0,0.280991,1695596217683.0,cd,,,
200,OK,LSK,2089030,27508061.0,,,,,,,,,-0.018269,0.0641,-0.067829,0.039863,-0.217224,-0.37096,-0.777526,-0.912132,0.42025,0.660192,1.552398,144818773.0,,,34.92,1695596217683.0,cd,Software platform,Global computer,DPoS
200,OK,USDT,10821472462,426760307599.0,,,79.0,,,,,,-0.000152,0.000931,0.001094,0.000899,0.001042,0.001021,0.002376,0.002175,0.006982,0.976605,1.013362,83203741768.415,83203741768.415,,1.188585,1695596217683.0,cd,Stablecoin,Digital fiat,
200,OK,OMG,7530757,342152340.0,,,78.0,3858.0,,,,,0.014185,-0.048161,-0.311273,-0.558825,-0.739846,,,-0.863064,0.558312,0.408239,2.531127,140245398.245133,140245398.245133,140245398.245133,25.62,1695596217683.0,cd,Application token,Payments,
200,OK,STEEM,2524007,33932088.0,,,,,,,,,-0.005431,0.138077,-0.015762,0.215121,-0.217513,,,-0.080269,0.489384,0.138628,0.354599,444562551.578,,,8.19,1695596217683.0,cd,,,
200,OK,ZEC,8863918,,,,3016.0,87224.0,50.24258,2173.908322,0.016659,,-0.017144,0.055735,-0.229988,-0.297878,-0.534958,-0.524694,-0.817812,-0.934303,0.354452,21.48323,61.41778,7843078.066367,21000000.0,21000000.0,510.281549,1695596217683.0,tb,Currency,Privacy coin,PoW
200,OK,SC,2726019,56927170.0,,,,,,,,,-0.042724,0.075313,-0.075125,0.312244,-0.176662,,,0.090784,0.532581,0.002131,0.006564,51477015000.0,,,0.092868,1695596217683.0,cd,Application token,,
200,OK,BNB,226424130,10767248495.0,,,,,,,,,-0.00424,-0.031117,-0.12722,-0.149185,-0.24078,,,-0.444916,0.261891,203.605902,396.370066,153856150.0,153856150.0,200000000.0,686.31,1695596217683.0,cd,,,
200,OK,XVG,1720222,149242774.0,,,321.0,12347.0,,,,,-0.01107,-0.055985,0.258186,0.238858,0.023043,,,0.037569,0.809528,0.001399,0.009813,16521488900.3232,16555000000.0,,0.261874,1695596217683.0,cd,,,
200,OK,SNT,877216,39598973.277236,,,,,,,,,-0.032251,,,0.226316,,,,0.058046,,0.018535,0.034077,3960483788.309698,6804870174.0,,0.684918,1695596217683.0,cd,,,
200,OK,ZRX,5643544,283082104.0,,,150.0,4842.0,,,,,-0.017247,0.12799,-0.120446,0.260986,-0.317171,-0.5025,,0.305462,0.579504,0.145719,0.388764,92825000.0,1200000000.0,1200000000.0,2.5,1695596217683.0,cd,Application token,Decentralized finance,
200,OK,REP,1307286,42789409.0,,,15.0,401.0,,,,,-0.096782,-0.465705,-0.820814,-0.857267,-0.911123,,,-0.958014,1.39292,0.619091,12.147213,7989980.827922,7989980.827922,7989980.827922,341.85,1695596217683.0,cd,Application token,,
200,OK,KCS,405247,16982480.0,,,,,,,,,-0.00601,0.093229,-0.316932,-0.314639,,,,-0.449435,0.500194,3.278566,10.41,96732986.425851,144232986.425767,,28.83,1695596217683.0,cd,,,
200,OK,WAVES,9276255,685399935.0,,,,,,,,,-0.017683,0.032078,-0.212362,0.188692,-0.608374,,,-0.588213,0.506686,1.230145,4.037247,100000000.0,100000000.0,,63.653101,1695596217683.0,cd,Software platform,,
200,OK,MKR,36810962,2093017942.0,,,442.0,20576.0,,,,,-0.010311,0.103623,0.532241,1.511185,0.876283,,,1.320031,0.615178,501.817738,1366.446506,901310.947289,977631.036951,1005577.0,6334.536613,1695596217683.0,cd,Application token,,
200,OK,DCR,5671675,26841638.0,,,5374.0,,38.289982,,0.009604,,0.034387,0.021395,-0.139734,-0.267094,-0.450976,0.170753,,-0.30368,0.489405,12.037002,29.59113,15514702.45212,21000000.0,,249.546492,1695596217683.0,cd,Currency,Governance network,Hybrid
200,OK,BAT,12494199,,,,220.0,7060.0,,,,,-0.009323,0.025606,-0.126703,0.049311,-0.439616,,,-0.182201,0.410268,0.149975,0.35156,1489973009.952606,1500000000.0,1500000000.0,1.929606,1695596217683.0,tb,Application token,Payments,
200,OK,DGB,1212235,62808342.0,,,4898.0,171588.0,0.023189,0.884376,5e-06,,-0.003372,-0.035073,-0.111825,-0.157666,-0.324005,,,-0.655828,0.47812,0.00584,0.01361,16523128081.074,21000000000.0,,0.178084,1695596217683.0,cd,,,
200,OK,LRC,7484993,388316449.0,,,,,,,,,-0.011301,-0.036651,-0.251159,-0.078783,-0.427181,,,-0.181181,0.391248,0.171803,0.494128,1245991468.94246,1373873397.44246,1374513896.0,3.857643,1695596217683.0,cd,Application token,,
200,OK,GAS,7271512,106776327.0,,,122.0,6268.0,,,,,-0.006052,0.091374,-0.087506,0.232778,,,,-0.263304,0.543788,1.85,4.5,13935116.239122,100000000.0,,91.94,1695596217683.0,cd,,,
200,OK,KNC,128435832,592635462.0,,,35.0,273.0,,,,,-0.054234,0.331405,0.208962,0.495775,-0.431888,,,-0.250223,0.81059,0.447091,1.22039,181672720.046584,228582510.080862,252301550.0,5.736149,1695596217683.0,cd,Application token,Decentralized finance,
200,OK,DENT,1748100,87477614.0,,,,,,,,,-0.008643,-0.036102,-0.232741,-0.119294,,,,-0.428597,0.441107,0.000573,0.001334,95654960452.73587,100000000000.0,,0.1006,1695596217683.0,cd,,,
200,OK,POWR,1705849,51725684.0,,,99.0,1982.0,,,,,-0.068257,0.112967,0.032336,0.245695,,,,-0.205376,0.5764,0.118808,0.276947,429712891.919905,1000000000.0,,1.89,1695596217683.0,cd,,,
200,OK,SYS,831770,60297123.0,,,,,,,,,-0.010211,-0.074175,-0.331311,-0.152025,-0.521793,,,-0.384029,0.753302,0.081055,0.237622,717728952.544126,747394569.790843,,1.3,1695596217683.0,cd,,,
200,OK,BNT,340192,20708754.0,,,,,,,,,-0.019115,-0.052095,0.019883,0.107558,-0.092005,,,-0.74827,0.651503,0.321469,0.766662,144981117.917447,144981117.917447,144981117.917447,10.72,1695596217683.0,cd,Application token,Decentralized finance,
200,OK,REQ,430219,19997038.0,,,,,,,,,0.00014,0.001515,-0.157408,-0.243994,-0.38659,,,-0.759855,0.376896,0.060912,0.189749,768822834.693165,999717851.449322,1000000000.0,1.059,1695596217683.0,cd,,,
200,OK,GNO,543680,28938896.0,,,41.0,1512.0,,,,,0.004418,-0.017442,-0.156119,0.187472,,,,-0.039744,0.464339,79.71,131.45839,2589589.0,3000000.0,3000000.0,644.2,1695596217683.0,cd,,,
200,OK,LINK,195063848,,,,4097.0,85862.0,,,,,-0.024355,0.19622,0.114841,0.26273,-0.084749,,,-0.345386,0.487951,4.93761,9.463,556849971.230564,1000000000.0,1000000000.0,52.98295,1695596217683.0,tb,Application token,Oracle network,
200,OK,QSP,45766,1974593.0,,,,,,,,,0.024684,-0.024791,-0.174927,-0.049011,-0.470032,,,-0.541839,0.441835,0.009123,0.021076,713801946.704668,976442388.321185,976442388.321185,0.780237,1695596217683.0,cd,,,
200,OK,CVC,1245036,43185587.0,,,37.0,1232.0,,,,,-0.020034,0.096211,-0.084091,0.062609,-0.421645,,,-0.527881,0.478884,0.061243,0.149925,802000010.0,1000000000.0,,1.35,1695596217683.0,cd,Software platform,Identity management,
200,OK,RLC,11062659,324600629.0,,,,,,,,,-0.005189,0.011757,-0.237657,-0.178098,-0.15119,,,-0.770953,0.713415,0.747647,2.338118,72382548.065257,86999784.986846,86999784.986846,15.51,1695596217683.0,cd,Application token,Decentralized PaaS,
200,OK,ENJ,14399863,546826497.0,,,,,,,,,-0.010789,-0.036102,-0.234726,-0.055532,-0.521131,,,-0.906135,0.710555,0.216543,0.566955,1000000000.0,1000000000.0,1000000000.0,4.82,1695596217683.0,cd,Application token,NFT platform,
200,OK,STORJ,24652430,1399619294.0,,,,,,,,,-0.017144,0.487604,0.09957,0.367037,-0.292675,,,-0.137484,1.269102,0.202514,0.599443,143787438.7,424999998.0,,3.848054,1695596217683.0,cd,Application token,,
200,OK,ANT,31603011,438308447.0,,,3.0,51.0,,,,,0.026039,0.135738,0.213145,1.179548,1.956386,,,0.457698,0.431351,1.488998,4.967216,40030814.330505,43167647.396544,45094973.0,14.868502,1695596217683.0,cd,Application token,,
200,OK,SNGLS,,,,,,,,,,,,,,,,,,,,,,,1000000000.0,,0.435405,1695596217683.0,cd,Application token,,
200,OK,THETA,11476321,294336702.0,,,,,,,,,-0.023156,0.017101,-0.135718,-0.125358,-0.430952,,,-0.723235,0.48956,0.573391,1.332513,1000000000.0,1000000000.0,1000000000.0,15.72,1695596217683.0,cd,,,
200,OK,ZEN,2624703,188052655.0,,,,,,,,,-0.009637,-0.030105,-0.153661,-0.183814,,,,-0.320001,0.632554,5.422845,14.88,14158406.25,14158362.5,21000000.0,165.92,1695596217683.0,cd,,,
200,OK,MANA,34691217,1044580391.0,,,444.0,15095.0,,,,,0.010452,0.009536,-0.225455,0.002771,-0.584093,,,1.893588,0.434077,0.265632,0.841847,1843037725.98132,2193179327.32015,2193179327.32015,5.882154,1695596217683.0,cd,Application token,,
200,OK,MLN,19870010,41076063.0,,,,,,,,,0.268602,0.13822,0.014728,-0.088638,-0.113011,,,-0.192119,0.475949,12.320724,490.318446,1453963.554552,2369682.986209,2369682.986209,490.318446,1695596217683.0,cd,Application token,,
200,OK,DNT,20265,2392255.7,,,,,,,,,-0.003019,-0.079774,-0.194802,0.099549,-0.475763,,,-0.825056,2.83541,0.006155,0.066848,751221716.325177,1000000000.0,,0.499392,1695596217683.0,cd,Software platform,Decentralized finance,
200,OK,MOON,292298,10898884.0,,,,,,,,,0.006428,-0.177196,,2.679354,,,,-0.426869,1.005661,0.073457,0.577657,106776318.97,107887754.62,,0.577657,1695596217683.0,cd,,,
200,OK,AMP,3291449,138897272.0,,,,,,,,,-0.00105,-0.15574,-0.187581,-0.453218,-0.665533,,,-0.964388,0.330162,0.00165,0.008875,56127938240.441696,99446043447.1583,99446043447.1583,0.120813,1695596217683.0,cd,Application token,Decentralized finance,
200,OK,GTC,3122969,314096445.0,,,,,,,,,-0.005678,-0.010311,-0.232769,-0.309481,,,,-0.496512,0.645171,0.00041,2.93,60863371.560696,100000000.0,100000000.0,89.62,1695596217683.0,cd,,,
200,OK,NMR,3613491,1016718183.0,,,,,,,,,-0.026929,0.137435,-0.061629,0.021614,-0.172615,,,-0.493742,2.457322,10.127918,27.332023,6321263.930771,10821146.289526,11000000.0,96.267147,1695596217683.0,cd,Application token,,
200,OK,STX,4740906,399621133.0,,,,,,,,,-0.010587,-0.043741,-0.320555,1.232745,0.404218,,,0.323166,0.767679,0.199039,1.305229,1407501897.7543,1818000000.0,1818000000.0,3.39,1695596217683.0,cd,,,
200,OK,LEO,433262,8669584.0,,,,,,,,,-0.023435,-0.044803,-0.069126,0.067762,,,,0.095278,0.327811,3.33,4.7,929235653.9,985239504.0,,8.14,1695596217683.0,cd,,,
200,OK,GMT,16152182,419169295.0,,,,,,,,,-0.018323,-0.047624,-0.312959,-0.271422,,,,-0.543993,0.466707,0.142077,0.69514,1190887104.84011,5411453794.84011,6000000000.0,4.11,1695596217683.0,cd,,,
200,OK,POLIS,229626,6032840.0,,,,,,,,,0.005104,0.123043,-0.128535,-0.631103,-0.639704,,,-0.890486,0.895697,0.084428,0.476906,227981826.1217,360000000.0,360000000.0,18.55,1695596217683.0,cd,,,
200,OK,DOT,58732634,2950544647.0,,,,,,,,,-0.002197,-0.056219,-0.21793,-0.064724,-0.367056,,,-0.900991,0.369731,3.916965,7.897189,1278222431.5357,1359171564.60743,,54.346605,1695596217683.0,cd,Software platform,Global computer,PoS
200,OK,DAI,51804737,2244692979.0,,,3024.0,107458.0,,,,,-0.001004,-0.000686,0.001864,0.00139,0.002471,-0.009793,,-0.038622,0.015715,0.903107,1.041869,3839989115.91323,3839989115.91323,,1.370541,1695596217683.0,cd,Stablecoin,Digital fiat,
200,OK,XCN,1935174,51878848.0,,,,,,,,,-0.007222,0.011995,-0.338457,-0.939034,,,,-0.908846,0.383883,0.000716,0.077706,25861740005.4792,48470523779.0,48470523779.0,0.184139,1695596217683.0,cd,,,
200,OK,UNI,43051092,,,,665.0,26821.0,,,,,0.0025,-0.022196,-0.189947,-0.172389,-0.268183,,,-0.801941,0.394609,3.627124,7.786252,753766667.0,1000000000.0,1000000000.0,28.461,1695596217683.0,tb,Application token,Decentralized finance,
200,OK,ATOM,43576720,2604856115.0,,,,,,,,,-0.002048,0.022743,-0.237933,-0.242944,-0.486613,,,0.301075,0.483549,6.297891,15.817406,292586163.827428,,,44.753035,1695596217683.0,cd,Software platform,Cross-chain applications	,PoS
200,OK,GRT,13102433,731483908.0,,,,,,,,,-0.021129,-0.018434,-0.170201,0.576785,-0.146824,,,-0.949156,0.541004,0.051673,0.227924,9228644194.85902,10000000000.0,,2.84,1695596217683.0,cd,Application token,Blockchain data indexing,
200,OK,LUNA,51735809,720316602.0,,,,,,,,,0.052111,0.021876,-0.341491,-0.671687,-0.829367,,,-0.768653,0.580726,0.377816,3.137312,383519074.953056,1078518456.25778,,18.87,1695596217683.0,cd,Application token,Stablecoin issuance,PoS
200,OK,DAR,4118999,283411773.0,,,,,,,,,-0.018667,0.023094,-0.195692,-0.261989,,,,-0.503779,0.566017,0.075363,0.275122,,800000000.0,800000000.0,6.38,1695596217683.0,cd,,,
200,OK,SCRT,736971,31811426.0,,,,,,,,,0.001894,-0.047076,-0.222607,-0.58553,-0.742167,,,-0.749623,0.447857,0.239075,1.443497,211078254.0,190198234.0,,10.38,1695596217683.0,cd,,,
200,OK,IMX,328666979,5048630278.0,,,,,,,,,-0.037065,0.065142,-0.194906,0.562777,-0.200375,,,-0.618115,0.832167,0.375605,1.59355,1169899199.070024,2000000000.0,2000000000.0,9.52,1695596217683.0,cd,,,
200,OK,ARB,45125564,3384724447.0,,,,,,,,,-0.004383,-0.106933,-0.290311,1076.626343,,,,-0.384712,0.605741,0.741532,1.818108,1275000000.0,10000000000.0,10000000000.0,1.818108,1695596217683.0,cd,,,
200,OK,OCEAN,11368729,517994163.0,,,,,,,,,-0.015433,0.006074,0.009253,0.952269,,,,-0.147549,0.358561,0.119435,0.522183,434026836.767814,1410000000.0,1410000000.0,1.93,1695596217683.0,cd,,,
200,OK,ZIL,10508565,415192179.0,,,,,,,,,-0.023373,0.065385,-0.178088,0.093374,-0.467643,,,-0.77859,0.493188,0.014721,0.03697,17054292494.2673,18103298683.6173,21000000000.0,0.255376,1695596217683.0,cd,,,
200,OK,TRAC,601883,23125551.0,,,,,,,,,-0.010106,-0.005603,-0.091944,0.421957,,,,-0.094153,0.5109,0.149959,0.624948,382798499.363958,500000000.0,500000000.0,3.5,1695596217683.0,cd,,,
200,OK,MDT,2640468,214623909.747273,,,,,,,,,0.004418,,,1.319643,,,,-0.038344,,0.018892,0.086914,606319736.123615,1000000000.0,,0.168053,1695596217683.0,cd,,,
200,OK,HOT,4840052,302880427.0,,,,,,,,,-0.012172,-0.013802,-0.241184,-0.268153,,,,-0.494676,0.381892,0.001008,0.002352,177619433541.141,177619433541.141,,0.031267,1695596217683.0,cd,,,
200,OK,XTZ,9293841,,,,,,,,,,-0.010127,-0.044708,-0.185371,-0.082118,-0.55997,,,-0.70869,0.396874,0.63,1.542,945362282.347721,,,9.135462,1695596217683.0,tb,Software platform,Governance network,PoS
200,OK,FIL,44323915,2377553208.0,,,,,,,,,-0.000891,0.009137,-0.175937,0.080267,-0.417974,,,-0.861798,0.464301,2.427263,9.439636,450739898.0,1961355802.0,1961355802.0,237.624749,1695596217683.0,cd,Software platform,Global computer,Custom
200,OK,BIT,19501.82,787367.92,,,,,,,,,-0.056265,-0.147464,-0.013891,0.160356,,,,-0.218767,0.735008,0.276396,0.635711,,9610239403.0,9610239403.0,3.1,1695596217683.0,cd,,,
200,OK,GMX,3292167,260541014.0,,,,,,,,,-0.007074,-0.031144,-0.388991,-0.173071,,,,-0.548003,0.60642,26.41,91.438914,9032242.543693,9032584.548889,13250000.0,91.438914,1695596217683.0,cd,,,
200,OK,ZBC,4521269,412009485.75906,,,,,,,,,0.013853,,,-0.174909,,,,-0.167805,,0.00849,0.018976,3435486119.16152,9999999683.12171,10000000000.0,0.052766,1695596217683.0,cd,,,
200,OK,HIGH,3570385,214890502.10051,,,,,,,,,-0.027393,,,0.428801,,,,0.027053,,0.858609,4.38,,100000000.0,100000000.0,38.42,1695596217683.0,cd,,,
200,OK,OP,36039729,2082102659.0,,,,,,,,,-0.015709,-0.080748,-0.037972,0.39652,0.379762,,,1.289938,0.55075,0.636649,3.285531,798517235.0,4294967296.0,4294967296.0,3.285531,1695596217683.0,cd,,,
200,OK,ERN,907767,31182055.0,,,,,,,,,-0.015724,0.060056,0.000151,-0.120988,,,,-0.235682,0.458566,1.372813,4.359779,19241715.63381,30000000.0,30000000.0,73.86,1695596217683.0,cd,,,
200,OK,NANO,477314,65152821.0,,,,,,,,,-0.002054,-0.028497,-0.130275,-0.024993,-0.226119,,,-0.18598,0.818308,0.540777,1.50369,133248290.0,133248290.0,133248290.0,33.69,1695596217683.0,cd,Currency,,
200,OK,WBTC,35209621,1599263624.0,,,971.0,55825.0,,,,,-0.003176,0.020343,-0.127692,0.61315,0.403282,,,-0.328917,0.326531,15360.114495,33773.776135,162874.871743,162874.871743,162874.871743,68991.336097,1695596217683.0,cd,Application token,Decentralized finance,
200,OK,HT,2248211,292627974.0,,,15.0,428.0,,,,,0.007508,0.053788,-0.096633,-0.507106,,,,-0.303357,0.297385,2.225468,9.38,159406077.0,201050000.0,201050000.0,39.66,1695596217683.0,cd,,,
200,OK,OKB,2352705,117210016.0,,,,,,,,,-0.00055,-0.00162,-0.038774,0.689151,,,,-0.104153,0.203029,14.91,58.66,60000000.0,235957685.3,300000000.0,58.66,1695596217683.0,cd,,,
200,OK,BSV,10461740,347670343.0,,,,,,,,,-0.001307,-0.005505,-0.279027,-0.250735,-0.374663,-0.801138,,-0.509776,0.502376,18.890132,59.461982,19266076.644239,21000000.0,21000000.0,490.200557,1695596217683.0,cd,Currency,Internet money,PoW
200,OK,DOGE,115394221,6945305774.0,,,40155.0,1544915.0,988.759998,33125.503819,0.024624,,-0.005006,-0.042447,-0.077609,-0.126632,-0.035532,22.355615,,30.445547,0.270189,0.05423,0.158601,141143456383.705,,,0.74001,1695596217683.0,cd,Currency,Memecoin,PoW
200,OK,USDC,1928923829,109486939543.0,,,24033.0,955337.0,,,,,-0.000686,-0.001907,0.003058,0.002922,0.003313,0.003245,,0.001467,0.019953,0.864357,1.037911,25779634039.9673,25779642039.9673,,1.19196,1695596217683.0,cd,Stablecoin,Digital fiat,
200,OK,OXT,2493997,304111637.0,,,,,,,,,0.0093,0.099121,0.24461,-0.05199,-0.362085,-0.787891,,-0.650577,1.304433,0.046433,0.119576,591544728.95168,1000000000.0,,0.984017,1695596217683.0,cd,Application token,Decentralized VPN,
200,OK,ALGO,17591284,671185244.0,,,,,,,,,0.025954,0.09916,-0.153889,-0.40241,-0.729932,,,-0.660669,0.436978,0.083694,0.453752,7829650501.91494,7829650511.10694,10000000000.0,3.56,1695596217683.0,cd,Software platform,Global computer,PoS
200,OK,BAND,4518993,223156002.0,,,,,,,,,-0.00787,-0.031203,-0.169679,-0.250899,-0.11973,,,-0.825424,0.397298,0.879335,3.666936,134286818.062976,138686340.780527,,23.229814,1695596217683.0,cd,Application token,,
200,OK,BTT,11219335,572365785.0,,,,,,,,,0.004856,-0.045204,-0.187104,-0.380334,-0.527423,,,-0.99869,0.371153,0.0,1e-06,951421714286000.0,990000000000000.0,990000000000000.0,3e-06,1695596217683.0,cd,Application token,,
200,OK,FET,13673774,1110318523.0,,,,,,,,,-0.015467,-0.047515,-0.039598,1.382297,1.614702,,,3.634977,0.673928,0.052681,0.607245,1043462805.0,1152997575.0,1152997575.0,1.195412,1695596217683.0,cd,Application token,,
200,OK,KAVA,4606884,270270640.0,,,,,,,,,-0.014921,-0.053655,-0.354977,0.092859,-0.593435,,,-0.607437,0.566266,0.513837,1.623827,791372053.0,791349274.0,,9.217592,1695596217683.0,cd,Application token,,
200,OK,USDP,374380,141753722.0,,,22.0,3084.0,,,,,0.0014,-0.00389,-0.001006,0.007749,0.001134,,,0.000609,0.08389,0.57004,4.971454,486062948.650683,486062948.650683,,4.971454,1695596217683.0,cd,Stablecoin,,
200,OK,PAXG,5883922,208733334.0,,,159.0,5420.0,,,,,-0.000138,-0.005056,0.009278,0.054949,0.172808,,,0.016189,0.073356,1606.095781,2052.29056,247918.44,247918.44,,2091.486867,1695596217683.0,cd,Stablecoin,,
200,OK,REN,4608733,241960322.0,,,48.0,2197.0,,,,,-0.008485,-0.024715,-0.283508,-0.263609,-0.585807,,,-0.90497,0.618646,0.041481,0.159181,1000000000.0,1000000000.0,1000000000.0,1.838483,1695596217683.0,cd,Application token,Decentralized finance,
200,OK,AAVE,38224881,1981819713.0,,,601.0,20527.0,,,,,-0.002843,0.127907,-0.109284,0.207037,-0.17238,,,-0.828055,0.498162,48.241616,98.31966,14547289.884421,16000000.0,16000000.0,667.430413,1695596217683.0,cd,Application token,Decentralized finance,
200,OK,YFI,11966930,583600784.0,,,194.0,4748.0,,,,,0.002193,-0.062389,-0.223461,0.016165,-0.377438,,,-0.892228,0.36567,4903.251088,11197.150086,33183.570339,36666.0,36666.0,95071.028013,1695596217683.0,cd,Application token,Decentralized finance,
200,OK,NU,9.49,41400.09,,,,,,,,,,,,,,,,,,0.030297,0.520479,,3885390081.74825,3885390081.74825,2.282743,1695596217683.0,cd,Application token,Private applications,
200,OK,MATIC,84962882,5010644481.0,,,,,,,,,-0.003367,-0.056628,-0.21462,-0.315728,-0.31905,,,-0.278582,0.42656,0.493529,1.568827,9319469069.28493,10000000000.0,10000000000.0,2.924401,1695596217683.0,cd,Application token,Layer-2 network,PoS
200,OK,ICP,10877303,572809468.0,,,5061.0,125550.0,1.462843,39.006489,0.000289,,-0.005114,-0.117956,-0.278157,-0.250212,-0.515362,,,-0.93856,0.480196,2.839453,8.235988,445202405.768221,506397483.634196,469213710.0,700.65,1695596217683.0,cd,Software platform,Global computer,PoS
200,OK,SOL,122544131,,,,,,,,,,0.001207,-0.01142,0.033957,0.957894,-0.417031,,,-0.909069,0.545422,8.000937,38.74,412747577.576412,558283412.152582,,259.99,1695596217683.0,tb,Software platform,Global computer,PoS
200,OK,SUSHI,14933543,383042872.0,,,216.0,6882.0,,,,,0.006202,-0.004248,-0.141723,-0.361521,-0.455373,,,-0.892049,0.478069,0.531296,2.072531,192789255.855482,249741807.313762,250000000.0,23.38,1695596217683.0,cd,Application token,Decentralized exchange,
200,OK,UMA,2134933,145142561.0,,,94.0,2182.0,,,,,-0.007822,0.027637,-0.147842,-0.085951,-0.425908,,,-0.865694,0.536921,1.286489,3.227997,73950240.684717,115462448.351323,115462448.351323,41.56,1695596217683.0,cd,Application token,Decentralized finance,
200,OK,SNX,24089786,1032609983.0,,,414.0,12376.0,,,,,-0.017081,0.017495,-0.138403,0.372901,-0.193238,,,-0.801491,0.594632,1.400234,3.389726,323759123.139524,324483031.088774,324483031.088774,28.53,1695596217683.0,cd,Application token,Decentralized finance,
200,OK,CRV,155041929,1226903836.0,,,1460.0,27866.0,,,,,0.097619,0.14975,-0.312696,-0.008371,-0.437621,,,-0.827702,0.590651,0.388349,1.290061,878734420.0,2014826377.54769,3303030299.0,15.37,1695596217683.0,cd,Application token,Decentralized finance,
200,OK,COMP,18465100,921153842.0,,,308.0,10272.0,,,,,0.014842,-0.007641,-0.266469,0.311806,-0.330929,,,-0.872572,0.535585,24.102389,85.910722,6856085.763292,10000000.0,10000000.0,910.54,1695596217683.0,cd,Application token,Decentralized finance,
200,OK,CELO,21611662,228504051.0,,,,,,,,,-0.016429,0.026612,-0.006878,-0.042842,-0.453698,,,-0.926076,0.61539,0.349007,0.921922,511790944.0,1000000000.0,1000000000.0,9.82,1695596217683.0,cd,Software Platform,Global computer,PoS
200,OK,KSM,5575590,196843160.0,,,,,,,,,-0.001348,-0.018097,-0.263805,-0.189202,-0.551055,,,-0.950004,0.388247,17.578644,49.073258,8980098.074112,10000000.0,10000000.0,621.71,1695596217683.0,cd,Software Platform,Global computer,dPoS
200,OK,NKN,1400224,90329259.0,,,,,,,,,-0.010458,0.007387,-0.12505,0.081591,-0.076712,,,-0.77676,0.563026,0.071039,0.212443,650000000.0,1000000000.0,1000000000.0,1.44,1695596217683.0,cd,Application token,Decentralized CDN,Custom
200,OK,SHIB,88611627,2749111196.0,,,,,,,,,-0.021686,-0.080916,-0.029014,-0.089947,-0.36301,,,-0.745248,0.361465,5e-06,1.6e-05,589329463252100.8,999983215656586.0,,8.9e-05,1695596217683.0,cd,Currency,Memecoin,PoW
200,OK,SKL,4523694,239055279.0,,,,,,,,,-0.010869,-0.008278,-0.230275,0.087741,-0.432787,,,-0.92934,0.568033,0.019614,0.06956,4699519337.0,5134525034.75288,7000000000.0,1.22,1695596217683.0,cd,Application token,Layer-2 network,PoS
200,OK,SAND,29785128,1134745835.0,,,,,,,,,-0.004934,-0.034732,-0.280953,-0.212843,-0.664611,,,-0.940729,0.418561,0.276555,0.985811,2064931926.223323,3000000000.0,3000000000.0,8.4,1695596217683.0,cd,Application token,Virtual world,
200,OK,UST,10387327,174429360.0,,,,,,,,,0.00608,0.063318,0.04788,-0.343683,-0.563578,,,-0.987195,0.561756,0.008221,0.06267,9787751921.39091,9793681321.91404,,1.092,1695596217683.0,cd,Stablecoin,Digital fiat,
200,OK,AVAX,81559158,3365146116.0,,,,,,,,,-0.002852,-0.109106,-0.314331,-0.181611,-0.49713,,,-0.925458,0.363342,8.708039,22.784863,354067560.498072,431443735.209716,720000000.0,144.96,1695596217683.0,cd,Software platform,Global computer,PoS
200,OK,IOTX,1807758,123575243.0,,,,,,,,,0.005764,0.091052,-0.244033,-0.277032,-0.484784,,,-0.879749,0.485105,0.01315,0.03893,9444039892.0,9496266827.32,9496266827.32,0.255593,1695596217683.0,cd,Application token,IoT platform,
200,OK,AXS,53765885,836420367.0,,,,,,,,,0.015287,-0.035539,-0.239098,-0.250576,-0.650712,,,-0.952881,0.578184,4.080546,14.849787,131494928.933829,270000000.0,270000000.0,164.9,1695596217683.0,cd,Application token,Decentralized virtual goods,
200,OK,XYO,258791,10275909.0,,,,,,,,,-0.006903,-0.05762,-0.18565,-0.087052,-0.5955,,,-0.921864,0.316382,0.002596,0.010269,13931216938.0113,13931216938.0113,13931216938.0113,0.081391,1695596217683.0,cd,Application token,Decentralized geospatial data,
200,OK,ANKR,17289619,286893121.0,,,,,,,,,-0.024991,0.05422,-0.140987,0.292403,-0.345916,,,-0.808511,0.522991,0.0146,0.056928,10000000000.0,10000000000.0,10000000000.0,0.213513,1695596217683.0,cd,Application token,Decentralized cloud computing,
200,OK,CHZ,19908432,767030646.0,,,,,,,,,-0.010216,-0.046549,-0.236873,-0.422542,-0.782783,,,-0.790022,0.401469,0.054692,0.296705,6975647158.46,8888888888.0,8888888888.0,0.878633,1695596217683.0,cd,Application token,Tokenized sports exchange,
200,OK,LPT,7808466,1020735383.0,,,358.0,36394.0,,,,,-0.026118,-0.205353,0.149857,0.207901,-0.414916,,,-0.843234,0.975109,3.48836,11.871452,29116749.61027,29116749.61027,29116749.61027,99.03,1695596217683.0,cd,Application token,Decentralized video streaming,
200,OK,COTI,2469619,98334892.0,,,,,,,,,0.003502,0.143429,-0.162276,-0.193883,-0.596191,,,-0.85965,0.570978,0.036667,0.130531,1255522196.67,2000000000.0,2000000000.0,0.668634,1695596217683.0,cd,Application token,Stablecoin platform,
200,OK,KEEP,56203,7039414.0,,,,,,,,,-0.00081,0.023624,-0.193477,0.121417,-0.409115,,,-0.858556,0.707467,0.069566,0.301083,549716300.268589,1000000000.0,1000000000.0,6.1,1695596217683.0,cd,Application token,Confidential smart contracts,
200,OK,GALA,283306475,12890851990.0,,,,,,,,,-0.00258,-0.287467,-0.451016,-0.191629,-0.677826,,,-0.945427,0.676641,0.012926,0.062893,26410576105.6788,26410576105.6788,50000000000.0,0.824837,1695596217683.0,cd,,,
200,OK,CRO,6665183,172151613.0,,,283.0,9012.0,,,,,0.002185,0.010964,-0.097041,-0.086531,-0.56868,,,-0.888484,0.285389,0.048301,0.159726,26284875650.9163,30000000000.0,,0.965407,1695596217683.0,cd,,,
200,OK,ACHP,6080415,301221198.0,,,,,,,,,-0.012494,0.134403,-0.235929,0.966314,0.313904,,,-0.636677,0.721593,0.007204,0.050894,4943691067.145604,10000000000.0,10000000000.0,0.198666,1695596217683.0,cd,,,
200,OK,JASMY,19429939,607448424.0,,,,,,,,,0.010003,0.028838,-0.103581,0.274464,-0.469575,,,-0.903584,0.465886,0.002725,0.008362,48419999999.3058,50000000000.0,50000000000.0,4.79,1695596217683.0,cd,,,
200,OK,SLP,6885790,146533011.0,,,,,,,,,0.013238,-0.012102,-0.172156,-0.319297,-0.581284,,,-0.885074,0.393677,0.001306,0.004256,41502562125.0,,,0.399727,1695596217683.0,cd,,,
200,OK,APE,26953623,1414986366.0,,,,,,,,,-0.009999,-0.221845,-0.497547,-0.691472,-0.797119,,,-0.918091,0.442418,1.063857,6.407681,368593750.0,1000000000.0,1000000000.0,26.7,1695596217683.0,cd,,,
200,OK,BUSD,1236172569,60894871959.0,,,454.0,20950.0,,,,,-0.001236,-0.00291,0.003489,0.002901,0.003643,,,0.00286,0.022681,0.97394,1.0472,2381674743.12,2381674743.12,,1.15,1695596217683.0,cd,,,
200,OK,CAKE,10383646,450570637.0,,,,,,,,,-0.002007,-0.081939,-0.264325,-0.639255,-0.74563,,,-0.847161,0.336817,1.132745,5.385478,224776858.680293,396801871.861216,750000000.0,43.96,1695596217683.0,cd,,,
200,OK,EGLD,7904001,383640425.0,,,,,,,,,-0.022313,-0.060249,-0.293578,-0.248552,-0.491993,,,-0.804094,0.473961,22.327218,63.962365,26000468.0,26005620.0,31415926.0,545.64,1695596217683.0,cd,,,
200,OK,ENS,6789105,233160314.0,,,,,,,,,0.007043,-0.049616,-0.192059,-0.306743,-0.453403,,,-0.610136,0.492492,7.020334,20.335395,25783233.343097,100000000.0,100000000.0,83.4,1695596217683.0,cd,,,
200,OK,FTM,22510257,1252766614.0,,,,,,,,,-0.002034,-0.064313,-0.37994,-0.055715,-0.180148,,,-0.744322,0.426721,0.163996,0.654729,2803634835.52659,3175000000.0,3175000000.0,3.46,1695596217683.0,cd,,,
200,OK,FTT,75995279,563566753.0,,,217.0,4187.0,,,,,0.077229,0.205143,-0.374139,0.447126,-0.948577,,,-0.966145,0.632423,0.775858,26.676836,,328895103.813207,328895103.813207,84.18,1695596217683.0,cd,,,
200,OK,HBAR,13644357,979700298.0,,,,,,,,,-0.034169,-0.042221,0.003194,0.385045,-0.189776,,,-0.628803,0.451164,0.035736,0.098731,33358054753.813,50000000000.0,50000000000.0,0.569229,1695596217683.0,cd,,,
200,OK,MBOX,7619806,55929504.0,,,,,,,,,-0.008687,-0.063797,-0.223724,-0.375403,-0.647855,,,-0.877327,0.341919,0.226781,0.725689,212519625.0,396767856.031073,1000000000.0,15.44,1695596217683.0,cd,,,
200,OK,MINA,3427033,155418279.0,,,,,,,,,-0.008645,0.01437,-0.212638,-0.114961,-0.354793,,,-0.78456,0.354817,0.357034,1.23128,973609235.840039,1077427612.84004,,9.09,1695596217683.0,cd,,,
200,OK,MOVR,3031673,54661194.0,,,,,,,,,-0.000953,-0.047819,-0.298064,-0.352268,-0.630964,,,-0.895666,0.525177,3.713649,13.101332,8159912.0,10979039.0,10941549.0,494.26,1695596217683.0,cd,,,
200,OK,NEAR,26178150,1439174912.0,,,,,,,,,-0.008722,-0.041997,-0.196876,-0.112274,-0.704077,,,-0.900185,0.3477,0.983571,3.82197,941671517.686093,1000000000.0,,20.44,1695596217683.0,cd,,,
200,OK,NEXO,1134160,56285611.0,,,,,,,,,-0.006446,-0.044161,-0.131671,-0.145917,-0.397525,,,-0.72224,0.298483,0.525458,1.065672,560000010.0064,1000000000.0,1000000000.0,4.07,1695596217683.0,cd,,,
200,OK,POLS,803224,29486656.0,,,,,,,,,0.016062,0.018504,-0.173595,-0.246134,-0.450575,,,-0.748072,0.430866,0.244334,0.727571,99301432.0,100000000.0,100000000.0,7.51,1695596217683.0,cd,,,
200,OK,QNT,9279680,419111997.0,,,1127.0,36236.0,,,,,-0.022373,-0.105808,-0.172845,-0.158456,-0.221219,,,-0.027523,0.279763,88.44802,226.689025,14544176.164091,14612493.0,14612493.0,427.42,1695596217683.0,cd,,,
200,OK,QUICK,475533,2474654.65,,,,,,,,,0.053795,0.022991,-0.999147,-0.999017,-0.999209,,,-0.999707,0.559665,0.036815,148.128229,607000.0,1000000.0,1000000.0,1590.57,1695596217683.0,cd,,,
200,OK,RUNE,41745880,2392694966.0,,,,,,,,,-0.021701,0.118042,0.638449,0.322607,0.02706,,,-0.748523,0.861981,0.779614,2.061146,300700561.0,500000000.0,500000000.0,20.87,1695596217683.0,cd,,,
200,OK,RVN,2899775,129617775.0,,,,,,,,,-0.016297,-0.005143,-0.255196,-0.193491,-0.624641,,,-0.657506,0.367684,0.013947,0.041758,11907968088.8129,11907780693.8129,,0.285218,1695596217683.0,cd,,,
200,OK,WAXP,3204655,60164943.0,,,,,,,,,-0.026023,0.064358,-0.112395,0.000935,-0.524038,,,-0.791398,0.432505,0.036329,0.098001,3359904693.88208,3770303327.0,3770303327.0,2.77,1695596217683.0,cd,,,
200,OK,WRX,680988,21205772.0,,,,,,,,,-0.02424,-0.061734,0.015548,-0.298935,-0.570147,,,-0.812307,0.463491,0.076792,0.238154,456517027.331867,1000000000.0,,5.88,1695596217683.0,cd,,,
200,OK,XEC,9203860,235122010.0,,,,,,,,,-0.013954,0.018708,-0.389392,0.115892,-0.388284,,,-0.658861,0.72283,1.8e-05,4.9e-05,19507485923093.0,21000000000000.0,21000000000000.0,0.00038,1695596217683.0,cd,,,
200,OK,CEL,808664,26453254.0,,,,,,,,,0.028806,0.11907,-0.099133,-0.67896,-0.908443,,,-0.725967,0.752063,0.103382,32.101222,423415980.3475,692753441.4971,,32.101222,1695596217683.0,cd,,,
200,OK,ALPACA,1077890,40268282.0,,,,,,,,,-0.021761,0.003987,-0.089873,-0.445393,-0.51764,,,-0.366887,0.347853,0.126782,0.353086,150748924.403288,150748924.403288,188000000.0,8.78,1695596217683.0,cd,,,
200,OK,AUDIO,3568897,160096555.0,,,,,,,,,-0.009734,-0.013451,-0.187685,0.167347,-0.323175,,,-0.523335,0.523799,0.122063,0.505376,1113298607.0,1188006019.41203,1188006019.41203,4.95,1695596217683.0,cd,,,
200,OK,AVA,1559316,34732391.0,,,,,,,,,-0.000488,-0.074729,-0.030699,-0.129352,-0.399956,,,-0.132578,0.477275,0.394035,0.855751,52425132.0,61383832.0,,6.45,1695596217683.0,cd,,,
200,OK,CHR,2493114,320819504.0,,,,,,,,,-0.004532,0.064429,-0.26557,-0.113784,-0.380709,,,-0.44169,0.842993,0.081715,0.237643,582296409.423021,582296409.423021,1000000000.0,1.49,1695596217683.0,cd,,,
200,OK,CKB,861543,38266670.0,,,,,,,,,0.001373,0.028999,-0.076167,0.173114,-0.277182,,,-0.20738,0.50045,0.002071,0.006919,33340636263.0312,,,0.043706,1695596217683.0,cd,,,
200,OK,CLV,3774776,100797769.0,,,,,,,,,0.002354,0.027648,-0.125753,-0.383977,-0.607232,,,-0.685824,0.524113,0.028888,0.141881,741993651.0,1000000000.0,,1.88,1695596217683.0,cd,,,
200,OK,FARM,4270187,29864907.0,,,,,,,,,0.034616,0.056167,-0.07684,-0.216725,-0.407103,,,-0.25649,0.407513,20.491144,70.679728,669870.624713,704900.06,704900.06,5078.47,1695596217683.0,cd,,,
200,OK,FLOW,7578844,570951556.0,,,,,,,,,-0.00438,0.026893,-0.169526,-0.308132,-0.734055,,,-0.713467,0.606848,0.392548,2.029039,1036200000.0,1456068361.18633,1456068361.18633,42.4,1695596217683.0,cd,,,
200,OK,GLMR,2649466,60100370.0,,,,,,,,,0.025548,-0.107086,-0.338745,-0.481462,-0.624854,,,-0.806376,0.448486,0.16036,0.57052,744650509.0,1085792026.0,,19.5,1695596217683.0,cd,,,
200,OK,IDEX,3792151,219748827.0,,,,,,,,,-0.027351,0.049615,-0.181435,0.327531,-0.238078,,,-0.126262,0.64315,0.03599,0.136634,766033377.568714,1000000000.0,1000000000.0,0.937763,1695596217683.0,cd,,,
200,OK,INJ,16686336,717929546.0,,,,,,,,,-0.007978,-0.006623,-0.131079,4.48284,3.2911,,,3.788364,0.454104,1.226142,9.943051,83755555.66,100000000.0,100000000.0,24.89,1695596217683.0,cd,,,
200,OK,JOE,4894065,530598799.0,,,,,,,,,0.0126,-0.253496,-0.373352,0.832561,0.108631,,,0.204112,1.404361,0.131783,0.717493,341459396.130234,476437634.356928,500000000.0,5.09,1695596217683.0,cd,,,
200,OK,MIR,213805,7072075.0,,,,,,,,,0.035813,-0.026324,-0.58434,-0.903509,-0.936278,,,-0.928604,0.556704,0.012407,1.608423,156055246.85708,370575000.0,370575000.0,12.9,1695596217683.0,cd,,,
200,OK,POLY,16841.61,1485775.97,,,14.0,439.0,,,,,-0.000825,-0.06124,-0.03352,-0.163209,-0.463363,,,-0.303545,0.54493,0.085035,0.344814,898550829.674589,1000000000.0,,1.59,1695596217683.0,cd,,,
200,OK,PYR,2430239,227036411.0,,,,,,,,,-0.014823,-0.11268,-0.020281,0.147324,-0.092125,,,-0.107418,0.933526,2.613373,5.199434,23897700.0,50000000.0,50000000.0,49.24,1695596217683.0,cd,,,
200,OK,RARE,591086,26332324.0,,,,,,,,,-0.024217,0.029606,-0.11723,-0.398428,-0.64578,,,-0.647027,0.496087,0.056105,0.1926,617569823.673,1000000000.0,1000000000.0,3.64,1695596217683.0,cd,,,
200,OK,RAY,2103251,52384066.0,,,,,,,,,0.019294,0.033081,-0.164522,0.251086,-0.695447,,,-0.750365,0.488352,0.133391,0.614349,231280598.308826,555000000.0,555000000.0,16.83,1695596217683.0,cd,,,
200,OK,ROSE,3972000,285613592.0,,,,,,,,,-0.007603,0.048863,-0.152394,0.224629,-0.315665,,,-0.180994,0.431323,0.033452,0.08497,5029357184.0,10000000000.0,10000000000.0,0.597347,1695596217683.0,cd,,,
200,OK,SFP,2112887,209514201.0,,,,,,,,,-0.050905,0.071703,0.197897,0.413478,0.565396,,,0.737506,0.729582,0.286798,0.811835,420833333.0,500000000.0,500000000.0,4.19,1695596217683.0,cd,,,
200,OK,SRM,1054892,35211062.0,,,50.0,1981.0,,,,,0.031758,-0.073632,-0.756502,-0.753949,-0.956199,,,-0.964749,0.756524,0.030848,0.878877,372782297.011929,1092844982.31,10161000000.0,13.78,1695596217683.0,cd,,,
200,OK,STMX,13551871,396330553.0,,,,,,,,,-0.093176,0.42252,0.745223,0.934683,-0.069574,,,0.081853,1.627854,0.003008,0.015432,11000000000.0,12500000000.0,12500000000.0,0.165032,1695596217683.0,cd,,,
200,OK,SUN,8001139,391340924.0,,,,,,,,,-0.00195,0.003109,-0.04636,0.027628,0.052106,,,-0.168936,0.252429,0.004642,0.009682,9606694722.0,19900730000.0,,66.45,1695596217683.0,cd,,,
200,OK,SXP,54748135,393195239.0,,,,,,,,,-0.00309,0.157189,-0.182908,0.458203,-0.16125,,,-0.199281,0.919638,0.195838,0.931224,578739556.225131,578738372.606693,,5.79,1695596217683.0,cd,,,
200,OK,VGX,2605759,247970943.0,,,,,,,,,-0.003987,0.073409,-0.167767,-0.588457,-0.805035,,,-0.792386,0.734462,0.087912,0.792056,293642055.162962,293642055.162962,,12.47,1695596217683.0,cd,,,
200,OK,WOO,3803024,284112725.0,,,,,,,,,-0.004311,-0.008157,-0.277795,0.391132,0.208483,,,0.131919,0.533349,0.10149,0.350225,1752598284.85254,2250658820.90186,2250658820.90186,1.78,1695596217683.0,cd,,,
200,OK,YGG,13387016,964627553.0,,,,,,,,,-0.031424,-0.161361,0.39135,0.280626,-0.454466,,,-0.487119,0.985884,0.116726,0.987073,185125000.0,1000000000.0,1000000000.0,11.17,1695596217683.0,cd,,,
200,OK,LUNC,28551008,520079381.0,,,,,,,,,0.0364,-0.002987,-0.289571,-0.572474,-0.729399,,,-0.999998,0.397598,5.4e-05,0.000364,5816507627234.6,6835243401922.54,,119.51374,1695596217683.0,cd,,,
200,OK,APT,244583641,1759514717.0,,,,,,,,,0.041513,-0.027088,-0.255738,0.559556,,,,-0.343913,0.400486,3.066883,178.499145,236788474.780789,1056810220.30126,,178.499145,1695596217683.0,cd,,,
200,OK,MASK,18422699,1026864727.0,,,,,,,,,-0.022774,0.009504,-0.235346,0.266767,,,,-0.416548,0.526542,1.019,7.209103,82112500.0,100000000.0,100000000.0,41.45,1695596217683.0,cd,,,
200,OK,DYDX,22834909,1509139193.0,,,,,,,,,0.002281,-0.150843,-0.076716,0.721622,,,,-0.083418,0.543032,1.012012,3.658355,175508226.584684,1000000000.0,1000000000.0,27.86,1695596217683.0,cd,,,
200,OK,CTSI,2922679,200505600.0,,,,,,,,,-0.00683,0.04606,-0.182023,0.219125,,,,0.174725,0.559184,0.095255,0.361631,734470844.025228,1000000000.0,1000000000.0,1.74,1695596217683.0,cd,,,
200,OK,CVX,5386758,99414972.0,,,,,,,,,0.026347,0.061961,-0.21581,-0.081482,,,,-0.25689,0.643871,2.305654,7.244476,80672050.801688,98944441.850119,100000000.0,60.09,1695596217683.0,cd,,,
200,OK,FORTH,1167243,302076858.0,,,,,,,,,-0.009222,0.149889,0.149154,-0.010693,,,,-0.038884,0.640341,2.079913,5.380389,9564986.519945,15297897.144559,15297897.144559,180.47,1695596217683.0,cd,,,
200,OK,LDO,10945085,828509549.0,,,,,,,,,-0.01113,-0.075852,-0.275111,0.560338,,,,0.351425,0.519177,0.875984,3.328208,889851752.40627,1000000000.0,1000000000.0,7.3,1695596217683.0,cd,,,
200,OK,METIS,1429343,43273131.0,,,,,,,,,0.012722,0.16593,-0.35394,-0.161032,,,,-0.256543,0.931215,10.340208,46.794425,4354321.352,5410000.51,10000000.0,323.54,1695596217683.0,cd,,,
200,OK,RBN,256162,8397788.0,,,,,,,,,-0.006739,-0.18513,-0.112789,-0.137367,,,,-0.332768,0.634366,0.100134,0.371446,793975455.551671,1000000000.0,1000000000.0,5.54,1695596217683.0,cd,,,
200,OK,SAMO,372905,7872729.0,,,,,,,,,0.002339,-0.046834,-0.24568,0.112246,,,,-0.110755,0.496954,0.002282,0.019192,3990788908.0,4746913623.21,4746913623.21,0.236987,1695596217683.0,cd,,,
200,OK,SPELL,9023081,499934069.0,,,,,,,,,-0.020884,0.309944,0.069689,-0.026469,,,,-0.170151,1.321788,0.000358,0.001059,123612757328.326,196008739620.0,210000000000.0,0.035064,1695596217683.0,cd,,,
200,OK,1INCH,9534304,496960502.0,,,318.0,10441.0,,,,,-0.012842,0.060499,-0.177531,-0.310281,,,,-0.484669,0.523355,0.207355,0.687005,1034879425.904,1500000000.0,1500000000.0,8.65,1695596217683.0,cd,,,
200,OK,ALCX,21606445,106885616.0,,,,,,,,,0.184356,0.102799,-0.052775,-0.000251,,,,-0.45125,1.356428,10.297664,26.291437,1958686.265476,2737298.855096,2737298.855096,2066.2,1695596217683.0,cd,,,
200,OK,ALICE,5079491,290019569.0,,,,,,,,,-0.004786,-0.013409,-0.263143,-0.27473,,,,-0.52612,0.583476,0.676241,2.16,78661905.0,100000000.0,100000000.0,40.93,1695596217683.0,cd,,,
200,OK,API3,3827630,498989917.0,,,,,,,,,-0.000748,-0.04431,0.048334,0.036348,,,,-0.203636,1.038266,0.859424,2.311355,95458294.163987,126011938.685136,126011938.685136,10.3,1695596217683.0,cd,,,
200,OK,ARPA,3471086,589798703.0,,,,,,,,,-0.004755,0.084158,-0.20393,0.689725,,,,0.154316,0.627039,0.024581,0.127403,982174603.285714,2000000000.0,2000000000.0,0.268622,1695596217683.0,cd,,,
200,OK,ASTR,3744019,305299190.0,,,,,,,,,-0.014112,-0.099052,0.154727,0.327981,,,,-0.211401,0.633038,0.030927,0.105229,5278011078.0,8162890632.0,,0.421574,1695596217683.0,cd,,,
200,OK,BADGER,1462291,90160163.0,,,,,,,,,-0.006912,-0.008231,-0.113458,-0.066907,,,,-0.356761,0.498624,1.719093,3.96,19915290.043203,21000000.0,21000000.0,89.08,1695596217683.0,cd,,,
200,OK,BAL,3776886,142248356.0,,,123.0,5165.0,,,,,-0.008428,-0.095445,-0.351077,-0.399579,,,,-0.508075,0.470229,3.08907,7.667631,43293813.915793,59264533.399455,96150704.0,74.45,1695596217683.0,cd,,,
200,OK,BICO,1555357,42282712.0,,,,,,,,,0.001378,-0.008086,-0.155079,-0.247223,,,,-0.469358,0.415077,0.190272,0.49368,657617262.036549,1000000000.0,1000000000.0,21.45,1695596217683.0,cd,,,
200,OK,BOBA,696100,25590730.0,,,,,,,,,-0.007665,-0.104761,-0.187482,-0.323719,,,,-0.550657,0.218726,0.107424,0.321413,344351936.084703,500000000.0,500000000.0,7.93,1695596217683.0,cd,,,
200,OK,BOND,3702888,117173178.0,,,,,,,,,0.006405,0.019509,-0.322485,-0.314434,,,,-0.496561,0.61832,2.044416,5.932694,9317063.439933,10000000.0,10000000.0,185.69,1695596217683.0,cd,,,
200,OK,BTRST,318369,8708573.0,,,,,,,,,-0.007025,0.042756,-0.262695,-0.658347,,,,-0.639296,0.270669,3.9e-05,2.51,,250000000.0,250000000.0,46.82,1695596217683.0,cd,,,
200,OK,C98,5055235,221269155.0,,,,,,,,,0.015539,0.066904,-0.079459,-0.096794,,,,-0.409841,0.533508,0.121707,0.398622,592222211.0,1000000000.0,1000000000.0,6.42,1695596217683.0,cd,,,
200,OK,CELR,6069394,84440998.0,,,,,,,,,0.03047,0.062818,-0.27068,0.298109,,,,-0.291675,0.56515,0.009388,0.032507,5645454935.82688,10000000000.0,10000000000.0,0.194843,1695596217683.0,cd,,,
200,OK,DIA,873544,99957788.0,,,,,,,,,-0.016408,0.118087,-0.005998,-0.087861,,,,-0.325411,0.529791,0.209778,0.474107,110617604.0,168817248.0,,5.73,1695596217683.0,cd,,,
200,OK,ETHW,4804196,127008331.0,,,,,,,,,-0.022723,-0.046461,-0.407758,-0.569234,,,,-0.621415,0.445119,1.241804,11.94,107818943.04993,107818717.04993,,58.54,1695596217683.0,cd,,,
200,OK,GAL,5732071,400147925.0,,,,,,,,,-0.000317,0.136135,0.063501,0.296464,,,,-0.19216,0.67828,0.844788,2.71,46545329.516566,200000000.0,,18.32,1695596217683.0,cd,,,
200,OK,GHST,840651,44016639.0,,,,,,,,,0.001913,-0.052936,-0.164423,-0.199285,,,,-0.507054,0.502378,0.729037,1.651932,51157239.214069,52747802.714256,52747802.714256,3.08,1695596217683.0,cd,,,
200,OK,GLM,8109836,85948850.0,,,,,,,,,-0.023609,0.076023,-0.036019,-0.030446,,,,-0.259415,0.377226,0.158414,0.318504,1000000000.0,1000000000.0,,1.32,1695596217683.0,cd,,,
200,OK,HFT,2261122,247309466.0,,,,,,,,,-0.010439,-0.03911,-0.193194,0.052389,,,,-0.52265,0.682933,0.284117,3.61,175229156.0,1000000000.0,1000000000.0,3.61,1695596217683.0,cd,,,
200,OK,ILV,1331587,59171897.0,,,,,,,,,-0.008648,-0.080382,-0.142318,0.015134,,,,-0.476287,0.328785,38.38,94.98,5868407.681922,9617188.855852,,1911.26,1695596217683.0,cd,,,
200,OK,KP3R,2454150,58164017.0,,,,,,,,,0.019167,-0.000855,-0.192754,-0.268839,,,,-0.494283,0.463299,41.204219,108.954627,491919.256699,491919.256699,491919.256699,1995.53,1695596217683.0,cd,,,
200,OK,LCX,95512,8369756.0,,,,,,,,,-0.001281,-0.065416,-0.434944,0.239193,,,,-0.614937,0.620845,0.030646,0.147894,775032563.659999,950000000.0,,0.563966,1695596217683.0,cd,,,
200,OK,LOKA,1879150,63214402.0,,,,,,,,,0.002372,-0.061446,-0.234553,-0.48999,,,,-0.653912,0.510558,0.171685,0.754018,114916312.146545,186212308.146545,,5.37,1695596217683.0,cd,,,
200,OK,LQTY,3404627,342394365.0,,,,,,,,,-0.00264,0.039403,-0.092236,0.41655,,,,-0.572105,0.551018,0.553392,3.779424,93533376.508607,100000000.0,100000000.0,146.94,1695596217683.0,cd,,,
200,OK,MC,5644430,224121876.0,,,,,,,,,-0.062194,0.032807,0.688023,0.190382,,,,0.009541,1.287237,0.160565,0.766219,462218760.18899,631292726.164745,631292726.164745,11.7,1695596217683.0,cd,,,
200,OK,MPL,306963,14603966.0,,,,,,,,,0.000334,0.022949,-0.253927,0.673606,,,,0.03595,0.476603,2.72,18.73,7919160.485348,10000000.0,10000000.0,68.2,1695596217683.0,cd,,,
200,OK,MXC,3034553,83406698.0,,,,,,,,,-0.049456,0.180836,-0.327682,-0.747062,,,,-0.635551,1.913401,0.006817,0.069454,2437203515.492547,2664965801.0,,0.133537,1695596217683.0,cd,,,
200,OK,OGN,8122451,1009569833.0,,,,,,,,,-0.010541,0.191286,0.113869,0.044024,,,,-0.254436,1.209299,0.062194,0.165684,502728259.0,1000000000.0,1000000000.0,3.35,1695596217683.0,cd,,,
200,OK,PERP,4886572,1322044883.0,,,91.0,16152.0,,,,,-0.007561,0.424515,0.127883,0.649104,,,,-0.408791,2.71364,0.326687,1.335162,72609864.244056,150000000.0,150000000.0,24.4,1695596217683.0,cd,,,
200,OK,PLA,1192063,36866050.0,,,,,,,,,-0.005194,0.040186,-0.010188,0.145915,,,,-0.29403,0.443378,0.127651,0.32731,569265030.0,700000000.0,,3.74,1695596217683.0,cd,,,
200,OK,POND,1652026,44932281.0,,,,,,,,,0.008405,0.055894,0.085547,0.119773,,,,-0.155949,0.38848,0.006648,0.012594,8087375977.0,5033753055.0,10000000000.0,0.323362,1695596217683.0,cd,,,
200,OK,RAD,2003662,165746908.0,,,,,,,,,-0.019479,0.009387,-0.192863,-0.138016,,,,-0.241851,0.425851,1.209419,6.254141,49829110.566346,99998580.0,100000000.0,27.61,1695596217683.0,cd,,,
200,OK,RARI,398855,10719238.0,,,,,,,,,-0.004448,-0.05427,-0.218773,-0.420133,,,,-0.502373,0.530969,0.850035,4.7,11578869.797243,25000000.0,25000000.0,46.7,1695596217683.0,cd,,,
200,OK,RLY,592668,28243203.0,,,,,,,,,0.010525,-0.088255,-0.176496,-0.173476,,,,-0.664035,0.551123,0.005933,0.025888,5011892646.271167,15000000000.0,15000000000.0,1.4,1695596217683.0,cd,,,
200,OK,RNDR,10073301,548986237.0,,,,,,,,,0.001888,0.143945,-0.226739,2.883125,,,,0.292677,0.493323,0.399539,2.926303,371908453.108796,531024271.388796,531024271.388796,8.78,1695596217683.0,cd,,,
200,OK,RPL,2870299,116201953.0,,,,,,,,,-0.007514,-0.056919,-0.443428,0.087198,,,,-0.424518,0.525887,13.32,65.014111,19694369.846908,19694369.846908,,65.014111,1695596217683.0,cd,,,
200,OK,STG,9655861,448850613.0,,,,,,,,,0.000331,-0.129799,-0.198912,0.269432,,,,-0.400088,0.492799,0.349179,1.24,204348515.727817,1000000000.0,1000000000.0,4.14,1695596217683.0,cd,,,
200,OK,SYN,3569989,225458324.0,,,,,,,,,0.033053,-0.266577,-0.543657,-0.389661,,,,-0.711339,0.812599,0.277271,1.59,190117588.881215,184907850.0,250000000.0,4.92,1695596217683.0,cd,,,
200,OK,T,2243396,111976681.0,,,,,,,,,-0.027399,0.035132,-0.195798,0.195141,,,,-0.530131,0.654172,0.015128,0.055409,,10515000000.0,,0.226934,1695596217683.0,cd,,,
200,OK,TLM,3258972,190138911.0,,,,,,,,,0.008842,0.016307,-0.130855,-0.169977,,,,-0.463869,0.768051,0.009248,0.026968,3687242478.9858,6132820273.7249,10000000000.0,7.16,1695596217683.0,cd,,,
200,OK,TRU,2160922,100254669.0,,,,,,,,,-0.023927,0.142709,-0.203119,0.266098,,,,-0.737673,0.722411,0.026875,0.146343,1067203485.0731,1198450773.15516,1198450773.15516,1.017,1695596217683.0,cd,,,
200,OK,UNFI,9613104,1261201271.0,,,,,,,,,0.023494,0.053305,1.408209,1.195593,,,,0.584904,1.584822,2.542431,12.236225,7295742.3497,10000000.0,10000000.0,43.62,1695596217683.0,cd,,,
200,OK,AR,2219559,197704653.0,,,,,,,,,-0.00667,-0.002786,-0.246794,-0.33294,,,,-0.512475,0.591927,3.829593,15.01,65454185.538151,65454185.538151,66000000.0,89.24,1695596217683.0,cd,,,
200,OK,FXS,7088219,504369705.0,,,,,,,,,0.00556,-0.035038,-0.065633,0.290645,,,,-0.313039,0.444607,4.1,12.78,74094002.158044,99681495.591134,99681495.591134,42.8,1695596217683.0,cd,,,
200,OK,GUSD,53021,19477796.0,,,44.0,5182.0,,,,,0.00743,-0.003061,0.009344,0.008496,,,,0.006393,0.06499,0.90801,1.103635,305310606.64,305310606.64,,3.3,1695596217683.0,cd,,,
200,OK,KLAY,5312576,169872246.0,,,,,,,,,0.010897,-0.169346,-0.313502,-0.263371,,,,-0.501887,0.408566,0.108004,0.329058,3183943646.0609,,,4.34,1695596217683.0,cd,,,
200,OK,TUSD,78550325,23380586758.0,,,68.0,2952.0,,,,,-0.001446,-0.000212,0.000491,-0.001987,,,,0.000652,0.016322,0.963352,1.057725,3510823600.69,3510823600.69,,1.62,1695596217683.0,cd,,,
200,OK,XDC,1855019,230800994.0,,,,,,,,,-0.01774,-0.153171,0.591507,1.007647,,,,0.291519,0.808343,0.020697,0.389987,13865518637.7,37865515513.05,,0.389987,1695596217683.0,cd,,,
200,OK,XRD,3162016,68998878.0,,,,,,,,,-0.092015,0.157516,-0.029427,0.759586,,,,0.468322,0.701792,0.031462,0.152254,10258420817.4538,12658420818.12,24000000000.0,0.651264,1695596217683.0,cd,,,
200,OK,USDD,8043197,661457971.0,,,,,,,,,0.001467,0.003428,-0.00077,0.016657,,,,0.009455,0.034313,0.946534,1.050463,726165268.211705,,,1.050463,1695596217683.0,cd,,,
200,OK,TON,13065912,904128909.0,,,,,,,,,-0.033255,0.264084,0.629697,0.055838,,,,0.048389,1.143119,1.166758,2.66,3449145902.5688,5094612684.95857,,5.29,1695596217683.0,cd,,,
200,OK,TWT,4959110,316923014.0,,,,,,,,,-0.017759,-0.080396,-0.12843,-0.431629,,,,-0.334508,0.371942,0.711678,2.72,416649900.0,1000000000.0,,2.72,1695596217683.0,cd,,,
200,OK,HNT,1508029,30783211.0,,,,,,,,,0.00137,-0.075744,0.064091,-0.070228,,,,0.032408,0.596838,1.173154,5.7,143934820.830308,223000000.0,223000000.0,54.88,1695596217683.0,cd,,,
200,OK,OSMO,3719627,184853272.0,,,,,,,,,-0.00026,-0.1051,-0.341538,-0.531883,,,,-0.599065,0.393386,0.317871,1.64,618058852.0,325000000.0,1000000000.0,11.25,1695596217683.0,cd,,,
200,OK,ATLAS,1467200,21499239.0,,,,,,,,,-0.001555,0.017067,-0.088607,-0.472564,,,,-0.561128,0.403382,0.001328,0.004828,14150557358.8918,36000000000.0,36000000000.0,0.267549,1695596217683.0,cd,,,
200,OK,BFC,328204,118069660.0,,,,,,,,,-0.001927,-0.13844,-0.205231,-0.281425,,,,-0.409237,1.23062,0.036331,0.1,1393101226.70655,2368584074.0,2368584074.0,0.778815,1695596217683.0,cd,,,
200,OK,BLUR,5460868,455154892.0,,,,,,,,,-0.026413,-0.154844,-0.495453,,,,,-0.68836,0.6172,0.160872,5.02,948014527.207001,3000000000.0,3000000000.0,5.02,1695596217683.0,cd,,,
200,OK,BABYDOGE,389754,40149617.0,,,,,,,,,-0.006302,-0.07766,-0.255323,0.137528,,,,-0.590582,0.585855,0.0,0.0,1.561248560922935e+17,4.2e+17,4.2e+17,,1695596217683.0,cd,,,
200,OK,CEEK,1523188,61392736.0,,,,,,,,,-0.00958,-0.10297,-0.339281,-0.479582,,,,-0.567667,0.341232,0.036452,0.153387,830725361.0,1000000000.0,,1.19,1695596217683.0,cd,,,
200,OK,ELON,1378652,241748879.0,,,,,,,,,-0.001986,-0.083565,-0.255207,-0.533762,,,,-0.604715,0.656974,0.0,0.0,549649971723242.3,1000000000000000.0,1000000000000000.0,3e-06,1695596217683.0,cd,,,
200,OK,FLOKI,4321729,226708038.0,,,,,,,,,-0.013333,-0.101368,-0.450038,0.940622,,,,-0.531576,0.721176,7e-06,5.7e-05,9944614262354.0,10000000000000.0,,0.000337,1695596217683.0,cd,,,
200,OK,KISHU,161517,5887437.0,,,,,,,,,-0.008429,-0.159649,-0.368877,-0.501181,,,,-0.661813,0.475595,0.0,0.0,9.683492960228464e+16,,,,1695596217683.0,cd,,,
200,OK,LOOKS,1047397,66635597.0,,,,,,,,,0.005474,-0.158889,-0.105826,-0.627662,,,,-0.638519,0.750031,0.038754,0.340708,544846570.0,963600560.0,1000000000.0,7.1,1695596217683.0,cd,,,
200,OK,ONE,5816211,263010026.0,,,,,,,,,-0.008217,-0.027856,-0.252426,-0.024229,,,,-0.533367,0.521939,0.008851,0.028252,12305426115.0007,13156044839.793139,13156044839.793139,0.37902,1695596217683.0,cd,,,
200,OK,RACA,2515593,94097964.0,,,,,,,,,-0.002364,-0.064878,-0.208635,-0.439673,,,,-0.517228,0.540033,8.1e-05,0.000312,336417964663.973,430118233270.64,500000000000.0,0.01192,1695596217683.0,cd,,,
200,OK,REEF,7257914,336015605.0,,,,,,,,,0.004062,-0.044853,-0.250471,-0.416639,,,,-0.505086,0.586014,0.001192,0.007603,22821409581.0,22821409581.0,,0.05746,1695596217683.0,cd,,,
200,OK,SAITAMA,483650,13831705.0,,,,,,,,,0.009555,0.054518,-0.209014,-0.336397,,,,-0.635249,0.363164,0.000589,0.00291,44798301173.95,44812981146.0,100000000000.0,0.004338,1695596217683.0,cd,,,
200,OK,WIN,4682550,362397068.0,,,,,,,,,-0.008361,-0.019073,-0.097258,-0.185878,,,,-0.283176,0.252507,6e-05,0.000116,961737300000.0,999000000000.0,,0.002894,1695596217683.0,cd,,,
200,OK,AGLD,9548640,578905962.0,,,,,,,,,0.086962,0.470191,0.209631,1.695787,,,,0.347034,2.151353,0.209363,1.367292,77280001.0,77280001.0,80000000.0,7.7,1695596217683.0,cd,,,
200,OK,TOKE,122901,3903507.0,,,,,,,,,-0.037039,-0.260566,-0.495059,-0.585389,,,,-0.648708,0.386828,0.346388,1.94,18039165.216309,100000000.0,100000000.0,79.02,1695596217683.0,cd,,,
200,OK,GST,156535,6234320.0,,,,,,,,,-0.024228,-0.043726,-0.266963,-0.336673,,,,-0.532072,0.673138,0.008638,0.04257,831936279.978444,841936279.978444,,8.51,1695596217683.0,cd,,,
200,OK,CSPR,1553640,81434327.0,,,,,,,,,0.007387,-0.07229,-0.145845,0.182613,,,,-0.411908,0.406534,0.026309,0.063396,11340914273.0,12034325071.0,,1.33,1695596217683.0,cd,,,
200,OK,GT,269417,13066822.0,,,,,,,,,-0.002235,0.00295,-0.099313,0.288209,,,,-0.269333,0.163309,3.01,5.61,137367573.567522,300000000.0,,12.94,1695596217683.0,cd,,,
200,OK,PEPE,38405840,1482773937.0,,,,,,,,,0.016401,-0.139953,-0.580621,,,,,-0.630961,0.898801,0.0,4e-06,,420690000000000.0,420690000000000.0,4e-06,1695596217683.0,cd,,,
200,OK,BLZ,34264121,1055924287.0,,,,,,,,,0.014194,0.614228,2.161272,2.661891,,,,1.934437,1.37076,0.042854,0.219535,413963756.498051,500000000.0,,0.783089,1695596217683.0,cd,,,
200,OK,FLR,2055650,96375017.0,,,,,,,,,-0.002577,-0.165768,-0.249768,,,,,-0.608238,0.475882,0.010914,0.150073,24782230086.0283,101341975781.395,,0.150073,1695596217683.0,cd,,,
200,OK,FIS,5886727,96375392.0,,,,,,,,,-0.037257,0.201035,-0.012478,0.158883,,,,-0.169043,0.782395,0.228627,0.799679,56340000.0,114082560.48,114082560.48,4.7,1695596217683.0,cd,,,
200,OK,GNS,1464162,121820025.0,,,,,,,,,-0.000615,-0.06682,-0.253678,0.013261,,,,-0.363173,0.540265,1.59,12.48,30270196.0,30270196.0,30270196.0,12.48,1695596217683.0,cd,,,
200,OK,ID,7502350,9106742757.0,,,,,,,,,0.002729,0.036735,-0.291083,,,,,-0.613876,0.698718,0.176339,1.034,286000000.0,2000000000.0,2000000000.0,1.034,1695596217683.0,cd,,,
200,OK,AXL,590102,462976400.0,,,,,,,,,-0.011687,-0.027561,-0.143671,-0.325538,,,,-0.186152,0.299805,0.326495,1.15,409660009.224292,1098590229.74798,,1.15,1695596217683.0,cd,,,
200,OK,WEMIX,15394675,108698508.0,,,,,,,,,0.133814,1.173684,0.978908,2.469034,,,,0.816754,1.33926,0.290246,2.62,317810561.186374,974167697.890043,,24.71,1695596217683.0,cd,,,
200,OK,VLX,152402,17284996.0,,,,,,,,,-0.026963,0.507829,-0.393684,-0.628622,,,,-0.429079,1.894611,0.005171,0.055049,2502478992.96196,2502478993.61565,,0.568966,1695596217683.0,cd,,,
200,OK,HMT,163846,3264451.0,,,,,,,,,0.053234,0.159322,-0.026363,0.057577,,,,-0.073563,0.8697,0.029271,0.098048,,1000000000.0,,1.37,1695596217683.0,cd,,,
200,OK,DG,197760,3323189.0,,,,,,,,,-0.018742,-0.169881,-0.075113,-0.294739,,,,-0.164541,0.581642,0.015715,0.052641,730715084.996195,730715084.996195,1000000000.0,1.63,1695596217683.0,cd,,,
200,OK,SWEAT,1364943,25142227.0,,,,,,,,,0.026071,0.000141,0.396107,-0.221083,,,,0.728018,0.811193,0.004386,0.033296,7856759084.64,22509174139.224,,0.091476,1695596217683.0,cd,,,
200,OK,BONE,2356887,135910951.0,,,,,,,,,-0.003671,-0.322733,-0.156378,-0.086981,,,,-0.01559,0.649758,0.616723,2.01,229922277.93047,230003022.824847,250000000.0,15.5,1695596217683.0,cd,,,
200,OK,SANTOS,1061289,79212065.0,,,,,,,,,-0.007576,-0.058185,-0.073926,-0.347237,,,,-0.111493,0.254869,2.779663,19.25,5164061.291549,30000000.0,,22.34,1695596217683.0,cd,,,
200,OK,SUI,37569308,1736068050.0,,,,,,,,,-0.003549,-0.113553,-0.356013,,,,,-0.445805,0.628994,0.420239,2.16,791777575.076923,10000000000.0,10000000000.0,2.16,1695596217683.0,cd,,,
200,OK,TVK,1686400,59986301.0,,,,,,,,,-0.002529,-0.061048,-0.279327,-0.393089,,,,-0.312754,0.468046,0.017644,0.062963,1074330950.748046,1200000000.0,1200000000.0,1.21,1695596217683.0,cd,,,
200,OK,BONK,1307109,49819095.0,,,,,,,,,0.020824,-0.202141,-0.467703,0.34503,,,,-0.432185,0.544189,0.0,5e-06,42974933572260.6,93863283342446.08,93863283342446.08,5e-06,1695596217683.0,cd,,,
200,OK,PIT,106420,3612145.0,,,,,,,,,-0.011851,0.012268,-0.244242,-0.390232,,,,-0.329154,0.566797,0.0,0.0,,1e+17,,,1695596217683.0,cd,,,
200,OK,CORE,16785088,255046429.0,,,,,,,,,0.064245,-0.337552,-0.490883,,,,,-0.498116,1.253987,0.346515,6.14,160577716.237278,2100000000.0,2100000000.0,6.14,1695596217683.0,cd,,,
200,OK,BRISE,3660498,114662551.0,,,,,,,,,-0.006783,-0.195625,,-0.448043,,,,-0.420373,0.396817,0.0,1e-06,395688215721653.25,427063549263988.0,1000000000000000.0,2e-06,1695596217683.0,cd,,,
200,OK,KAS,10656214,373550551.0,,,,,,,,,0.050096,0.416555,,8.464326,,,,0.027702,0.987328,0.001586,0.05407,20794354140.6775,20794453146.8828,28704026601.0,0.05407,1695596217683.0,cd,,,
200,OK,AGIX,9144220,753422662.0,,,,,,,,,-0.002951,-0.003985,,2.876411,,,,-0.156091,0.531613,0.036963,0.58683,1232684305.88493,1324917189.06187,2000000000.0,0.95023,1695596217683.0,cd,,,
200,OK,XEN,1492947,46949251.0,,,,,,,,,-0.063958,-0.331052,,-0.904807,,,,-0.458076,0.681447,0.0,0.00037,23048665289725.8,23048665289725.8,,0.00037,1695596217683.0,cd,,,
200,OK,HAM,1157270,48958020.0,,,,,,,,,0.01481,-0.046763,,0.175189,,,,-0.292678,0.383261,0.0,0.0,,1e+16,1e+16,,1695596217683.0,cd,,,
200,OK,TAMA,832670,29183729.0,,,,,,,,,-0.018062,-0.122892,,-0.432959,,,,-0.132191,1.150022,0.006023,0.194446,1049733333.0,1049733333.0,2000000000.0,0.194446,1695596217683.0,cd,,,
200,OK,KDA,1426668,125916754.0,,,,,,,,,-0.004032,0.024007,,-0.463754,,,,-0.09929,0.765025,0.431854,1.45,246993093.13792,1000000000.0,1000000000.0,27.64,1695596217683.0,cd,,,
200,OK,CFX,10193261,778302511.0,,,,,,,,,0.015833,0.02065,,4.741325,,,,-0.307576,0.657434,0.022104,0.461276,2097547687.26523,5284997962.62513,,1.7,1695596217683.0,cd,,,
200,OK,VRA,1914354,101658558.0,,,,,,,,,-0.01202,-0.074547,,0.729163,,,,-0.156125,0.402016,0.002209,0.01096,10305680354.0,110305680354.0,110356466695.0,0.086208,1695596217683.0,cd,,,
200,OK,BDX,3917263,133702684.0,,,,,,,,,0.002689,-0.013845,,-0.207634,,,,-0.093239,0.362288,0.031241,0.062244,5583291300.55421,9919710794.30715,,137242055.0,1695596217683.0,cd,,,
200,OK,RDNT,4826840,252050088.0,,,,,,,,,-0.012647,-0.094216,,4.645547,,,,-0.281789,0.561598,0.012047,0.471873,310723688.843,1000000000.0,1000000000.0,0.585268,1695596217683.0,cd,,,
200,OK,WLD,61702688,2372335116.0,,,,,,,,,0.101093,0.457976,,,,,,-0.294287,1.621571,0.974429,3.3,130488161.244678,10000000000.0,10000000000.0,3.3,1695596217683.0,cd,,,
200,OK,FB,900168,90146611.0,,,,,,,,,-0.006503,-0.065666,,-0.441613,,,,-0.092976,0.193052,0.855196,2.15,,28630000.0,190700000.0,11.62,1695596217683.0,cd,,,
200,OK,PYUSD,3398642,31027055.14,,,,,,,,,0.002555,-0.002674,,,,,,0.006423,0.108491,0.971489,1.077152,,44376440.45,,1.077152,1695596217683.0,cd,,,
200,OK,SEI,19911292,2406281383.498033,,,,,,,,,-0.016417,-0.097496,,,,,,-0.067245,,0.111338,0.455153,1800000000.0,10000000000.0,,0.455153,1695596217683.0,cd,,,
200,OK,TOMI,21117512,731362598.770571,,,,,,,,,-0.015467,,,,,,,0.169642,,0.244409,6.59,74560384.085776,116174611.171964,,6.59,1695596217683.0,cd,,,
200,OK,AKT,634897,58113998.260226,,,,,,,,,-0.047668,,,3.476798,,,,-0.178934,,0.181933,1.6,218866117.099506,218865349.106935,388539008.0,8.07,1695596217683.0,cd,,,
200,OK,MAGIC,7336883,459043083.531552,,,,,,,,,-0.014074,,,-0.121439,,,,-0.091629,,0.229911,2.12,237063451.663676,339645510.317976,347714007.0,6.32,1695596217683.0,cd,,,
200,OK,ALPHA,1192360,48518401.511123,,,,,,,,,-0.006999,,,0.091434,,,,-0.039527,,0.064598,0.15346,822000000.0,1000000000.0,1000000000.0,2.93,1695596217683.0,cd,,,
200,OK,ALI,164510,19571438.179277,,,,,,,,,0.002393,,,0.772391,,,,-0.014291,,0.005807,0.084493,3588163659.855413,10000000000.0,10000000000.0,0.201312,1695596217683.0,cd,,,
200,OK,CQT,1023202,15982299.900573,,,,,,,,,0.082854,,,-0.095049,,,,0.165383,,0.06315,0.206417,607920038.141746,1000000000.0,1000000000.0,2.08,1695596217683.0,cd,,,
200,OK,AERGO,685913,33605215.383439,,,,,,,,,-0.024037,,,0.185511,,,,0.13657,,0.084712,0.157171,439999999.758921,500000000.0,500000000.0,0.572482,1695596217683.0,cd,,,
200,OK,GODS,328346,13752402.553063,,,,,,,,,-0.001798,,,-0.166197,,,,0.040113,,0.112191,0.476453,244575795.0649,500000000.0,500000000.0,8.8,1695596217683.0,cd,,,
200,OK,ACA,1658338,108702050.557774,,,,,,,,,-0.021364,,,-0.589118,,,,0.122662,,0.032205,0.210564,799979166.0,1024999999.0,1600000000.0,2.79,1695596217683.0,cd,,,
200,OK,LIT,1191289,182296879.622923,,,,,,,,,0.005362,,,-0.056824,,,,0.032232,,0.537659,1.71,46465261.63,100000000.0,100000000.0,13.31,1695596217683.0,cd,,,
200,OK,QI,1157627,19848743.567685,,,,,,,,,0.004061,,,-0.144558,,,,0.011432,,0.004548,0.012083,4021588143.0,7200000000.0,7200000000.0,0.39417,1695596217683.0,cd,,,
200,OK,AURORA,398945,14979040.334686,,,,,,,,,-0.009279,,,-0.69029,,,,-0.087992,,0.050661,1.32,351354241.0,1000000000.0,1000000000.0,35.4,1695596217683.0,cd,,,
200,OK,DLCS,,,,,,,,,,,-0.002662,0.003615,-0.143538,0.50135,0.285601,,,-0.495295,0.327056,319.120448,622.789908,,,,,,tb,,,
200,OK,MTVS,,,,,,,,,,,0.004277,-0.102447,-0.337156,-0.383601,-0.687943,,,-0.794273,0.422874,192.951826,687.154521,,,,,,tb,,,
200,OK,DFX,,,,,,,,,,,0.000142,0.018219,-0.137781,0.010159,-0.198358,,,-0.900923,0.353586,75.470811,155.70974,,,,,,tb,,,
200,OK,SCPX,,,,,,,,,,,-0.002167,-0.035912,-0.177195,0.27093,0.041089,,,-0.627308,0.311406,375.039209,707.692548,,,,,,tb,,,
200,OK,SCPXX,,,,,,,,,,,-0.000279,-0.0407,-0.164112,-0.008858,-0.433555,,,-0.826123,0.367396,234.303576,493.894277,,,,,,tb,,,
200,OK,DIGS,,,,,,,,,,,-0.005495,0.002157,-0.196471,-0.063491,-0.315922,,,-0.767222,0.337634,222.064561,422.279756,,,,,,tb,,,
200,OK,CCYS,,,,,,,,,,,-0.002932,0.019597,-0.135516,0.594176,0.385159,,,0.222671,0.341138,725.294261,1465.147671,,,,,,tb,,,
200,OK,CCYX,,,,,,,,,,,-0.008027,-0.012296,-0.290584,0.266809,0.040522,,,0.039106,0.439915,765.531965,1509.310566,,,,,,tb,,,
200,OK,CPUS,,,,,,,,,,,-0.015163,0.116446,-0.041623,0.294661,-0.17046,,,-0.121268,0.426563,667.273028,1398.263326,,,,,,tb,,,
200,OK,CNES,,,,,,,,,,,0.003002,-0.064378,-0.308389,-0.385683,-0.694683,,,-0.749365,0.395307,236.6037,834.241803,,,,,,tb,,,
200,OK,CMIP,,,,,,,,,,,-0.002502,0.000771,-0.128834,0.341116,0.143322,1.43552,2.048808,0.123264,0.283871,789.311288,1335.672243,,,,,,tb,,,
200,OK,CMI,,,,,,,,,,,-0.00284,0.000833,-0.143964,0.422763,0.172195,1.358224,2.017291,0.111652,0.32198,749.728096,1390.323107,,,,,,tb,,,
200,OK,SMT,,,,,,,,,,,-0.002231,-0.036237,-0.181208,0.231474,-0.019945,2.16559,2.800394,0.312993,0.312053,686.478907,1266.05412,,,,,,tb,,,
200,OK,CCY,,,,,,,,,,,-0.0029,0.016382,-0.127235,0.551992,0.327992,1.411339,2.141171,0.202042,0.333855,795.031072,1568.879791,,,,,,tb,,,
200,OK,DTZ,,,,,,,,,,,0.001277,0.013424,-0.139454,-0.21634,-0.442709,,,-0.869649,0.418227,489.875308,1281.952604,,,,,,tb,,,
200,OK,DCF,,,,,,,,,,,-0.000275,0.007443,-0.14065,0.091517,-0.196955,-0.45082,-0.449821,-0.663006,0.338608,629.160645,1154.363787,,,,,,tb,,,
200,OK,CPU,,,,,,,,,,,-0.014434,0.087716,-0.058198,0.254477,-0.191005,-0.564363,-0.562595,-0.924419,0.399903,632.182395,1364.474987,,,,,,tb,,,
200,OK,CNE,,,,,,,,,,,-0.008477,-0.055209,-0.255985,-0.244577,-0.633401,0.447701,1.148218,-0.30579,0.360687,337.760799,1002.183782,,,,,,tb,,,
200,OK,CMIS,,,,,,,,,,,-0.002769,0.003291,-0.148103,0.467772,0.239722,,,0.104067,0.327022,715.499739,1369.069057,,,,,,tb,,,
200,OK,CSC,,,,,,,,,,,-3e-06,0.000274,0.000154,0.000184,-0.000218,-0.000776,,-0.011118,0.002672,964.756842,1143.21264,,,,,,tb,,,
200,OK,USCE,,,,,,,,,,,-4.3e-05,0.000149,0.000105,-0.000106,-0.000425,,,-0.000227,0.002022,945.270619,1191.871072,,,,,,tb,,,
