name,symbol,id,guid,date,price,amount
Bitcoin,BTC,1,3fe01468-69a7-4cb2-8606-afbd8e84414d,2022-03-28,47438.83500000001,4739013.59412013
Bitcoin,BTC,1,3fe01468-69a7-4cb2-8606-afbd8e84414d,2022-03-29,47536.770000000004,4449903.51645481
Bitcoin,BTC,1,3fe01468-69a7-4cb2-8606-afbd8e84414d,2022-03-30,47148.795,3680077.07151069
Bitcoin,BTC,1,3fe01468-69a7-4cb2-8606-afbd8e84414d,2022-03-31,46410.14,3918935.85366007
Bitcoin,BTC,1,3fe01468-69a7-4cb2-8606-afbd8e84414d,2022-04-01,45491.43,3434271.06803348
Bitcoin,BTC,1,3fe01468-69a7-4cb2-8606-afbd8e84414d,2022-04-02,46431.994999999995,4019035.00710305
Bitcoin,BTC,1,3fe01468-69a7-4cb2-8606-afbd8e84414d,2022-04-03,46499.085,2946637.78399567
Bitcoin,BTC,1,3fe01468-69a7-4cb2-8606-afbd8e84414d,2022-04-04,46014.869999999995,3541538.8632989
Bitcoin,BTC,1,3fe01468-69a7-4cb2-8606-afbd8e84414d,2022-04-05,46285.245,7671351.70417781
Bitcoin,BTC,1,3fe01468-69a7-4cb2-8606-afbd8e84414d,2022-04-06,44324.04,6304541.08702544
Bitcoin,BTC,1,3fe01468-69a7-4cb2-8606-afbd8e84414d,2022-04-07,43330.575,5536026.91636162
Bitcoin,BTC,1,3fe01468-69a7-4cb2-8606-afbd8e84414d,2022-04-08,43052.905,4946555.40958742
Bitcoin,BTC,1,3fe01468-69a7-4cb2-8606-afbd8e84414d,2022-04-09,42474.54,3337379.68589584
Bitcoin,BTC,1,3fe01468-69a7-4cb2-8606-afbd8e84414d,2022-04-10,42682.035,3396073.77119513
Bitcoin,BTC,1,3fe01468-69a7-4cb2-8606-afbd8e84414d,2022-04-11,40826.130000000005,5731184.87235001
Bitcoin,BTC,1,3fe01468-69a7-4cb2-8606-afbd8e84414d,2022-04-12,39970.395000000004,5024041.89727758
Bitcoin,BTC,1,3fe01468-69a7-4cb2-8606-afbd8e84414d,2022-04-13,40564.955,5150151.35280501
Bitcoin,BTC,1,3fe01468-69a7-4cb2-8606-afbd8e84414d,2022-04-14,40545.35,5494127.01135634
Bitcoin,BTC,1,3fe01468-69a7-4cb2-8606-afbd8e84414d,2022-04-15,40289.979999999996,4131532.48569276
Bitcoin,BTC,1,3fe01468-69a7-4cb2-8606-afbd8e84414d,2022-04-16,40358.545,3189433.87387289
Bitcoin,BTC,1,3fe01468-69a7-4cb2-8606-afbd8e84414d,2022-04-17,40083.265,3340442.550098
Bitcoin,BTC,1,3fe01468-69a7-4cb2-8606-afbd8e84414d,2022-04-18,39832.8,5409895.65370439
Bitcoin,BTC,1,3fe01468-69a7-4cb2-8606-afbd8e84414d,2022-04-19,41172.025,4972505.23281346
Bitcoin,BTC,1,3fe01468-69a7-4cb2-8606-afbd8e84414d,2022-04-20,41563.57,4249194.94755335
Bitcoin,BTC,1,3fe01468-69a7-4cb2-8606-afbd8e84414d,2022-04-21,41430.615000000005,5470603.30770971
Bitcoin,BTC,1,3fe01468-69a7-4cb2-8606-afbd8e84414d,2022-04-22,39992.475000000006,5495355.36924831
Bitcoin,BTC,1,3fe01468-69a7-4cb2-8606-afbd8e84414d,2022-04-23,39647.104999999996,4701306.22634222
Bitcoin,BTC,1,3fe01468-69a7-4cb2-8606-afbd8e84414d,2022-04-24,39493.865000000005,5282577.83733561
Bitcoin,BTC,1,3fe01468-69a7-4cb2-8606-afbd8e84414d,2022-04-25,39412.75,8085468.21369993
Bitcoin,BTC,1,3fe01468-69a7-4cb2-8606-afbd8e84414d,2022-04-26,39262.22,7555584.96979585
Bitcoin,BTC,1,3fe01468-69a7-4cb2-8606-afbd8e84414d,2022-04-27,38683.11,6798134.08829795
Bitcoin,BTC,1,3fe01468-69a7-4cb2-8606-afbd8e84414d,2022-04-28,39639.3,6930073.81994237
Bitcoin,BTC,1,3fe01468-69a7-4cb2-8606-afbd8e84414d,2022-04-29,39050.875,5369885.74756691
Bitcoin,BTC,1,3fe01468-69a7-4cb2-8606-afbd8e84414d,2022-04-30,38197.89,3764940.32351735
Bitcoin,BTC,1,3fe01468-69a7-4cb2-8606-afbd8e84414d,2022-05-01,38064.880000000005,4016733.53543539
Bitcoin,BTC,1,3fe01468-69a7-4cb2-8606-afbd8e84414d,2022-05-02,38606.634999999995,6371776.48003962
Bitcoin,BTC,1,3fe01468-69a7-4cb2-8606-afbd8e84414d,2022-05-03,38081.865000000005,8811113.30848068
Bitcoin,BTC,1,3fe01468-69a7-4cb2-8606-afbd8e84414d,2022-05-04,38835.08500000001,6270271.11554642
Bitcoin,BTC,1,3fe01468-69a7-4cb2-8606-afbd8e84414d,2022-05-05,37723.965,9970430.17996489
Bitcoin,BTC,1,3fe01468-69a7-4cb2-8606-afbd8e84414d,2022-05-06,35986.44,8436799.32906593
Bitcoin,BTC,1,3fe01468-69a7-4cb2-8606-afbd8e84414d,2022-05-07,35483.03999999999,4296760.62473442
Bitcoin,BTC,1,3fe01468-69a7-4cb2-8606-afbd8e84414d,2022-05-08,34617.76,5062090.26025606
Bitcoin,BTC,1,3fe01468-69a7-4cb2-8606-afbd8e84414d,2022-05-09,32148.835,7906603.4449095
Bitcoin,BTC,1,3fe01468-69a7-4cb2-8606-afbd8e84414d,2022-05-10,31230.8,8493874.49563744
Bitcoin,BTC,1,3fe01468-69a7-4cb2-8606-afbd8e84414d,2022-05-11,30111.725,7324110.04253056
Bitcoin,BTC,1,3fe01468-69a7-4cb2-8606-afbd8e84414d,2022-05-12,27960.64,10019859.36969989
Bitcoin,BTC,1,3fe01468-69a7-4cb2-8606-afbd8e84414d,2022-05-13,29832.214999999997,6761876.70162862
Bitcoin,BTC,1,3fe01468-69a7-4cb2-8606-afbd8e84414d,2022-05-14,29431.585,4601287.417833
Bitcoin,BTC,1,3fe01468-69a7-4cb2-8606-afbd8e84414d,2022-05-15,30434.629999999997,2799935.75406842
Bitcoin,BTC,1,3fe01468-69a7-4cb2-8606-afbd8e84414d,2022-05-16,30200.32,4542247.63573334
Bitcoin,BTC,1,3fe01468-69a7-4cb2-8606-afbd8e84414d,2022-05-17,30089.614999999998,4023776.74221009
Bitcoin,BTC,1,3fe01468-69a7-4cb2-8606-afbd8e84414d,2022-05-18,29641.93,2943905.90628151
Bitcoin,BTC,1,3fe01468-69a7-4cb2-8606-afbd8e84414d,2022-05-19,29579.085,2753286.58501585
Bitcoin,BTC,1,3fe01468-69a7-4cb2-8606-afbd8e84414d,2022-05-20,29711.875,2433751.50989428
Bitcoin,BTC,1,3fe01468-69a7-4cb2-8606-afbd8e84414d,2022-05-21,29268.715,1526229.18388862
Bitcoin,BTC,1,3fe01468-69a7-4cb2-8606-afbd8e84414d,2022-05-22,29836.934999999998,1189443.37334096
Bitcoin,BTC,1,3fe01468-69a7-4cb2-8606-afbd8e84414d,2022-05-23,29748.055,2112390.00814034
Bitcoin,BTC,1,3fe01468-69a7-4cb2-8606-afbd8e84414d,2022-05-24,29215.015,2564577.43408162
Bitcoin,BTC,1,3fe01468-69a7-4cb2-8606-afbd8e84414d,2022-05-25,29755.3,1932187.51274035
Bitcoin,BTC,1,3fe01468-69a7-4cb2-8606-afbd8e84414d,2022-05-26,28954.66,2321169.07632223
Bitcoin,BTC,1,3fe01468-69a7-4cb2-8606-afbd8e84414d,2022-05-27,28805.535,2809906.86684793
Bitcoin,BTC,1,3fe01468-69a7-4cb2-8606-afbd8e84414d,2022-05-28,28869.72,1574808.38373424
Bitcoin,BTC,1,3fe01468-69a7-4cb2-8606-afbd8e84414d,2022-05-29,29184.435,1508386.05316824
Bitcoin,BTC,1,3fe01468-69a7-4cb2-8606-afbd8e84414d,2022-05-30,30724.565000000002,2255369.04819002
Bitcoin,BTC,1,3fe01468-69a7-4cb2-8606-afbd8e84414d,2022-05-31,31785.165,4503324.89742128
Bitcoin,BTC,1,3fe01468-69a7-4cb2-8606-afbd8e84414d,2022-06-01,30640.265,3524202.96906317
Bitcoin,BTC,1,3fe01468-69a7-4cb2-8606-afbd8e84414d,2022-06-02,30110.67,2253835.35273737
Bitcoin,BTC,1,3fe01468-69a7-4cb2-8606-afbd8e84414d,2022-06-03,29963.035,2018440.18847609
Bitcoin,BTC,1,3fe01468-69a7-4cb2-8606-afbd8e84414d,2022-06-04,29710.11,1320781.96941496
Bitcoin,BTC,1,3fe01468-69a7-4cb2-8606-afbd8e84414d,2022-06-05,29834.14,1514488.2626298
Bitcoin,BTC,1,3fe01468-69a7-4cb2-8606-afbd8e84414d,2022-06-06,30808.245000000003,2225862.48793317
Bitcoin,BTC,1,3fe01468-69a7-4cb2-8606-afbd8e84414d,2022-06-07,30380.715,2490565.22748999
Bitcoin,BTC,1,3fe01468-69a7-4cb2-8606-afbd8e84414d,2022-06-08,30572.559999999998,1886979.24934817
Bitcoin,BTC,1,3fe01468-69a7-4cb2-8606-afbd8e84414d,2022-06-09,30301.17,1638041.46062424
Bitcoin,BTC,1,3fe01468-69a7-4cb2-8606-afbd8e84414d,2022-06-10,29588.41,2415167.27517327
Bitcoin,BTC,1,3fe01468-69a7-4cb2-8606-afbd8e84414d,2022-06-11,28759.775,2215293.90952988
Bitcoin,BTC,1,3fe01468-69a7-4cb2-8606-afbd8e84414d,2022-06-12,27544.995,2365067.87210575
Bitcoin,BTC,1,3fe01468-69a7-4cb2-8606-afbd8e84414d,2022-06-13,24423.875,7950792.16693529
Bitcoin,BTC,1,3fe01468-69a7-4cb2-8606-afbd8e84414d,2022-06-14,22025.96,13699201.28676119
Bitcoin,BTC,1,3fe01468-69a7-4cb2-8606-afbd8e84414d,2022-06-15,21413.870000000003,17685861.21854326
Bitcoin,BTC,1,3fe01468-69a7-4cb2-8606-afbd8e84414d,2022-06-16,21585.17,13439083.63787298
Bitcoin,BTC,1,3fe01468-69a7-4cb2-8606-afbd8e84414d,2022-06-17,20775.870000000003,11710881.06484366
Bitcoin,BTC,1,3fe01468-69a7-4cb2-8606-afbd8e84414d,2022-06-18,19161.72,10560717.10594501
Bitcoin,BTC,1,3fe01468-69a7-4cb2-8606-afbd8e84414d,2022-06-19,19356.434999999998,5043012.14958378
Bitcoin,BTC,1,3fe01468-69a7-4cb2-8606-afbd8e84414d,2022-06-20,20316.17,4424192.44424729
Bitcoin,BTC,1,3fe01468-69a7-4cb2-8606-afbd8e84414d,2022-06-21,21016.864999999998,4176311.88570849
Bitcoin,BTC,1,3fe01468-69a7-4cb2-8606-afbd8e84414d,2022-06-22,20309.449999999997,3246047.31907116
Bitcoin,BTC,1,3fe01468-69a7-4cb2-8606-afbd8e84414d,2022-06-23,20533.010000000002,2934106.21482086
Bitcoin,BTC,1,3fe01468-69a7-4cb2-8606-afbd8e84414d,2022-06-24,21123.165,3655204.27861635
Bitcoin,BTC,1,3fe01468-69a7-4cb2-8606-afbd8e84414d,2022-06-25,21244.555,1769259.03028567
Bitcoin,BTC,1,3fe01468-69a7-4cb2-8606-afbd8e84414d,2022-06-26,21412.33,1372513.54618379
Bitcoin,BTC,1,3fe01468-69a7-4cb2-8606-afbd8e84414d,2022-06-27,21029.37,2980504.0852102
Bitcoin,BTC,1,3fe01468-69a7-4cb2-8606-afbd8e84414d,2022-06-28,20681.84,3984964.21674362
Bitcoin,BTC,1,3fe01468-69a7-4cb2-8606-afbd8e84414d,2022-06-29,20123.78,4626676.37934304
Bitcoin,BTC,1,3fe01468-69a7-4cb2-8606-afbd8e84414d,2022-06-30,19380.91,4723524.1884103
Bitcoin,BTC,1,3fe01468-69a7-4cb2-8606-afbd8e84414d,2022-07-01,19884.885000000002,4991768.38787981
Bitcoin,BTC,1,3fe01468-69a7-4cb2-8606-afbd8e84414d,2022-07-02,19192.345,3320258.44738131
Bitcoin,BTC,1,3fe01468-69a7-4cb2-8606-afbd8e84414d,2022-07-03,19192.690000000002,3337707.84269322
Bitcoin,BTC,1,3fe01468-69a7-4cb2-8606-afbd8e84414d,2022-07-04,19674.89,3652243.87056802
Bitcoin,BTC,1,3fe01468-69a7-4cb2-8606-afbd8e84414d,2022-07-05,20004.915,3655744.98830375
Bitcoin,BTC,1,3fe01468-69a7-4cb2-8606-afbd8e84414d,2022-07-06,20193.96,3365689.61322721
Bitcoin,BTC,1,3fe01468-69a7-4cb2-8606-afbd8e84414d,2022-07-07,21041.42,2641134.56267922
Bitcoin,BTC,1,3fe01468-69a7-4cb2-8606-afbd8e84414d,2022-07-08,21780.18,3743320.12758609
Bitcoin,BTC,1,3fe01468-69a7-4cb2-8606-afbd8e84414d,2022-07-09,21635.879999999997,2403375.7611658
Bitcoin,BTC,1,3fe01468-69a7-4cb2-8606-afbd8e84414d,2022-07-10,21131.175,1801928.33783922
Bitcoin,BTC,1,3fe01468-69a7-4cb2-8606-afbd8e84414d,2022-07-11,20362.035,4630750.71532604
Bitcoin,BTC,1,3fe01468-69a7-4cb2-8606-afbd8e84414d,2022-07-12,19633.39,4606410.64737132
Bitcoin,BTC,1,3fe01468-69a7-4cb2-8606-afbd8e84414d,2022-07-13,19596.965,5325507.67094762
Bitcoin,BTC,1,3fe01468-69a7-4cb2-8606-afbd8e84414d,2022-07-14,20244.785,3178632.39913471
Bitcoin,BTC,1,3fe01468-69a7-4cb2-8606-afbd8e84414d,2022-07-15,20779.300000000003,3610616.46320157
Bitcoin,BTC,1,3fe01468-69a7-4cb2-8606-afbd8e84414d,2022-07-16,21027.885000000002,2729080.92623985
Bitcoin,BTC,1,3fe01468-69a7-4cb2-8606-afbd8e84414d,2022-07-17,21205.66,1709406.41807477
Bitcoin,BTC,1,3fe01468-69a7-4cb2-8606-afbd8e84414d,2022-07-18,21754.895,3309147.20641833
Bitcoin,BTC,1,3fe01468-69a7-4cb2-8606-afbd8e84414d,2022-07-19,22689.545,3326550.27212725
Bitcoin,BTC,1,3fe01468-69a7-4cb2-8606-afbd8e84414d,2022-07-20,23599.64,2573993.50096465
Bitcoin,BTC,1,3fe01468-69a7-4cb2-8606-afbd8e84414d,2022-07-21,22884.155,3759916.7023962
Bitcoin,BTC,1,3fe01468-69a7-4cb2-8606-afbd8e84414d,2022-07-22,23131.345,3237588.5031511
Bitcoin,BTC,1,3fe01468-69a7-4cb2-8606-afbd8e84414d,2022-07-23,22475.68,2654289.09178724
Bitcoin,BTC,1,3fe01468-69a7-4cb2-8606-afbd8e84414d,2022-07-24,22641.405,1699845.63697091
Bitcoin,BTC,1,3fe01468-69a7-4cb2-8606-afbd8e84414d,2022-07-25,21964.6,3753288.88818695
Bitcoin,BTC,1,3fe01468-69a7-4cb2-8606-afbd8e84414d,2022-07-26,21037.410000000003,5210200.53350141
Bitcoin,BTC,1,3fe01468-69a7-4cb2-8606-afbd8e84414d,2022-07-27,22075.785,3749740.11088341
Bitcoin,BTC,1,3fe01468-69a7-4cb2-8606-afbd8e84414d,2022-07-28,23398.17,3178041.81312363
Bitcoin,BTC,1,3fe01468-69a7-4cb2-8606-afbd8e84414d,2022-07-29,23930.33,3425362.21520626
Bitcoin,BTC,1,3fe01468-69a7-4cb2-8606-afbd8e84414d,2022-07-30,24070.285,1805369.23934795
Bitcoin,BTC,1,3fe01468-69a7-4cb2-8606-afbd8e84414d,2022-07-31,23715.145,1566853.95769749
Bitcoin,BTC,1,3fe01468-69a7-4cb2-8606-afbd8e84414d,2022-08-01,23185.614999999998,3451792.6902724
Bitcoin,BTC,1,3fe01468-69a7-4cb2-8606-afbd8e84414d,2022-08-02,23060.225,3848350.07196596
Bitcoin,BTC,1,3fe01468-69a7-4cb2-8606-afbd8e84414d,2022-08-03,23155.69,4346314.72139847
Bitcoin,BTC,1,3fe01468-69a7-4cb2-8606-afbd8e84414d,2022-08-04,22823.58,3705608.5405382
Bitcoin,BTC,1,3fe01468-69a7-4cb2-8606-afbd8e84414d,2022-08-05,23032.309999999998,4429126.36205316
Bitcoin,BTC,1,3fe01468-69a7-4cb2-8606-afbd8e84414d,2022-08-06,23136.745000000003,2376954.01301964
Bitcoin,BTC,1,3fe01468-69a7-4cb2-8606-afbd8e84414d,2022-08-07,23127.195,1245601.10117297
Bitcoin,BTC,1,3fe01468-69a7-4cb2-8606-afbd8e84414d,2022-08-08,23703.510000000002,5535643.63971461
Bitcoin,BTC,1,3fe01468-69a7-4cb2-8606-afbd8e84414d,2022-08-09,23402.370000000003,3982542.2117396
Bitcoin,BTC,1,3fe01468-69a7-4cb2-8606-afbd8e84414d,2022-08-10,23445.665,4707647.91628399
Bitcoin,BTC,1,3fe01468-69a7-4cb2-8606-afbd8e84414d,2022-08-11,24381.305,3822312.045914
Bitcoin,BTC,1,3fe01468-69a7-4cb2-8606-afbd8e84414d,2022-08-12,24034.295,2556005.26889514
Bitcoin,BTC,1,3fe01468-69a7-4cb2-8606-afbd8e84414d,2022-08-13,24599.175000000003,1766078.34510135
Bitcoin,BTC,1,3fe01468-69a7-4cb2-8606-afbd8e84414d,2022-08-14,24586.5,1232189.96757368
Bitcoin,BTC,1,3fe01468-69a7-4cb2-8606-afbd8e84414d,2022-08-15,24493.285,3447594.11444523
Bitcoin,BTC,1,3fe01468-69a7-4cb2-8606-afbd8e84414d,2022-08-16,23960.16,3290019.37594218
Bitcoin,BTC,1,3fe01468-69a7-4cb2-8606-afbd8e84414d,2022-08-17,23813.58,3486262.95412846
Bitcoin,BTC,1,3fe01468-69a7-4cb2-8606-afbd8e84414d,2022-08-18,23355.385000000002,2472311.30770907
Bitcoin,BTC,1,3fe01468-69a7-4cb2-8606-afbd8e84414d,2022-08-19,22002.005,4540414.32088364
Bitcoin,BTC,1,3fe01468-69a7-4cb2-8606-afbd8e84414d,2022-08-20,21066.975,4251579.26539177
Bitcoin,BTC,1,3fe01468-69a7-4cb2-8606-afbd8e84414d,2022-08-21,21409.325,2235957.72539743
Bitcoin,BTC,1,3fe01468-69a7-4cb2-8606-afbd8e84414d,2022-08-22,21216.585,5140360.63634006
Bitcoin,BTC,1,3fe01468-69a7-4cb2-8606-afbd8e84414d,2022-08-23,21286.04,5178174.48151603
Bitcoin,BTC,1,3fe01468-69a7-4cb2-8606-afbd8e84414d,2022-08-24,21516.89,3602882.92938681
Bitcoin,BTC,1,3fe01468-69a7-4cb2-8606-afbd8e84414d,2022-08-25,21563.09,3252453.42030786
Bitcoin,BTC,1,3fe01468-69a7-4cb2-8606-afbd8e84414d,2022-08-26,20989.324999999997,2905835.77047143
Bitcoin,BTC,1,3fe01468-69a7-4cb2-8606-afbd8e84414d,2022-08-27,20095.934999999998,2997839.66545655
Bitcoin,BTC,1,3fe01468-69a7-4cb2-8606-afbd8e84414d,2022-08-28,19841.64,1801926.97005461
Bitcoin,BTC,1,3fe01468-69a7-4cb2-8606-afbd8e84414d,2022-08-29,19981.845,3703055.53992749
Bitcoin,BTC,1,3fe01468-69a7-4cb2-8606-afbd8e84414d,2022-08-30,20061.335,3449140.8561451
Bitcoin,BTC,1,3fe01468-69a7-4cb2-8606-afbd8e84414d,2022-08-31,20143.915,4242118.66220743
Bitcoin,BTC,1,3fe01468-69a7-4cb2-8606-afbd8e84414d,2022-09-01,19887.78,4197325.0225643
Bitcoin,BTC,1,3fe01468-69a7-4cb2-8606-afbd8e84414d,2022-09-02,20099.83,3912131.59578555
Bitcoin,BTC,1,3fe01468-69a7-4cb2-8606-afbd8e84414d,2022-09-03,19855.665,1971909.4836444
Bitcoin,BTC,1,3fe01468-69a7-4cb2-8606-afbd8e84414d,2022-09-04,19806.9,2520344.72978122
Bitcoin,BTC,1,3fe01468-69a7-4cb2-8606-afbd8e84414d,2022-09-05,19845.16,4359954.35395332
Bitcoin,BTC,1,3fe01468-69a7-4cb2-8606-afbd8e84414d,2022-09-06,19442.235,6433456.75445255
Bitcoin,BTC,1,3fe01468-69a7-4cb2-8606-afbd8e84414d,2022-09-07,19008.96,5792815.3616285
Bitcoin,BTC,1,3fe01468-69a7-4cb2-8606-afbd8e84414d,2022-09-08,19238.345,4935443.09616732
Bitcoin,BTC,1,3fe01468-69a7-4cb2-8606-afbd8e84414d,2022-09-09,20429.510000000002,4131765.66390869
Bitcoin,BTC,1,3fe01468-69a7-4cb2-8606-afbd8e84414d,2022-09-10,21473.08,2332596.90083896
Bitcoin,BTC,1,3fe01468-69a7-4cb2-8606-afbd8e84414d,2022-09-11,21608.755,1309161.35670514
Bitcoin,BTC,1,3fe01468-69a7-4cb2-8606-afbd8e84414d,2022-09-12,22025.125,2424473.58945583
Bitcoin,BTC,1,3fe01468-69a7-4cb2-8606-afbd8e84414d,2022-09-13,21341.129999999997,2854240.26169357
Bitcoin,BTC,1,3fe01468-69a7-4cb2-8606-afbd8e84414d,2022-09-14,20091.39,4575128.29641883
Bitcoin,BTC,1,3fe01468-69a7-4cb2-8606-afbd8e84414d,2022-09-15,19931.645,4070145.88363013
Bitcoin,BTC,1,3fe01468-69a7-4cb2-8606-afbd8e84414d,2022-09-16,19618.315000000002,3118813.44839832
Bitcoin,BTC,1,3fe01468-69a7-4cb2-8606-afbd8e84414d,2022-09-17,19973.16,1862224.16618384
Bitcoin,BTC,1,3fe01468-69a7-4cb2-8606-afbd8e84414d,2022-09-18,19733.28,1959548.76094773
Bitcoin,BTC,1,3fe01468-69a7-4cb2-8606-afbd8e84414d,2022-09-19,18986.835,4848041.56700408
Bitcoin,BTC,1,3fe01468-69a7-4cb2-8606-afbd8e84414d,2022-09-20,19185.074999999997,4501260.75165957
Bitcoin,BTC,1,3fe01468-69a7-4cb2-8606-afbd8e84414d,2022-09-21,18967.345,4653045.12771663
Bitcoin,BTC,1,3fe01468-69a7-4cb2-8606-afbd8e84414d,2022-09-22,18938.165,3468487.3327137
Bitcoin,BTC,1,3fe01468-69a7-4cb2-8606-afbd8e84414d,2022-09-23,19020.405,2872055.09010274
Bitcoin,BTC,1,3fe01468-69a7-4cb2-8606-afbd8e84414d,2022-09-24,19060.86,1573602.10060893
Bitcoin,BTC,1,3fe01468-69a7-4cb2-8606-afbd8e84414d,2022-09-25,18912.315,1805999.89367119
Bitcoin,BTC,1,3fe01468-69a7-4cb2-8606-afbd8e84414d,2022-09-26,19002.675000000003,3041921.65513343
Bitcoin,BTC,1,3fe01468-69a7-4cb2-8606-afbd8e84414d,2022-09-27,19604.760000000002,2802125.31030914
Bitcoin,BTC,1,3fe01468-69a7-4cb2-8606-afbd8e84414d,2022-09-28,19134.85,3245541.84885979
Bitcoin,BTC,1,3fe01468-69a7-4cb2-8606-afbd8e84414d,2022-09-29,19244.54,2775712.72772224
Bitcoin,BTC,1,3fe01468-69a7-4cb2-8606-afbd8e84414d,2022-09-30,19690.739999999998,2587327.68765596
Bitcoin,BTC,1,3fe01468-69a7-4cb2-8606-afbd8e84414d,2022-10-01,19335.575,1450113.16188014
Bitcoin,BTC,1,3fe01468-69a7-4cb2-8606-afbd8e84414d,2022-10-02,19162.120000000003,1197649.43899866
Bitcoin,BTC,1,3fe01468-69a7-4cb2-8606-afbd8e84414d,2022-10-03,19343.015,2421937.10876758
Bitcoin,BTC,1,3fe01468-69a7-4cb2-8606-afbd8e84414d,2022-10-04,19979.449999999997,2470136.43338411
Bitcoin,BTC,1,3fe01468-69a7-4cb2-8606-afbd8e84414d,2022-10-05,20061.825,2144871.82133209
Bitcoin,BTC,1,3fe01468-69a7-4cb2-8606-afbd8e84414d,2022-10-06,20158.0,1718745.06499318
Bitcoin,BTC,1,3fe01468-69a7-4cb2-8606-afbd8e84414d,2022-10-07,19695.045,1779581.68749846
Bitcoin,BTC,1,3fe01468-69a7-4cb2-8606-afbd8e84414d,2022-10-08,19449.57,1452643.709467
Bitcoin,BTC,1,3fe01468-69a7-4cb2-8606-afbd8e84414d,2022-10-09,19442.135,1512885.74105102
Bitcoin,BTC,1,3fe01468-69a7-4cb2-8606-afbd8e84414d,2022-10-10,19289.379999999997,2316428.00394155
Bitcoin,BTC,1,3fe01468-69a7-4cb2-8606-afbd8e84414d,2022-10-11,19061.260000000002,2655452.17024634
Bitcoin,BTC,1,3fe01468-69a7-4cb2-8606-afbd8e84414d,2022-10-12,19104.525,2379349.68472074
Bitcoin,BTC,1,3fe01468-69a7-4cb2-8606-afbd8e84414d,2022-10-13,18866.95,2738882.94416551
Bitcoin,BTC,1,3fe01468-69a7-4cb2-8606-afbd8e84414d,2022-10-14,19516.055,1979394.52474284
Bitcoin,BTC,1,3fe01468-69a7-4cb2-8606-afbd8e84414d,2022-10-15,19107.845,897539.10788407
Bitcoin,BTC,1,3fe01468-69a7-4cb2-8606-afbd8e84414d,2022-10-16,19245.21,836631.35793718
Bitcoin,BTC,1,3fe01468-69a7-4cb2-8606-afbd8e84414d,2022-10-17,19417.745000000003,1527703.44431376
Bitcoin,BTC,1,3fe01468-69a7-4cb2-8606-afbd8e84414d,2022-10-18,19396.61,2248936.21659116
Bitcoin,BTC,1,3fe01468-69a7-4cb2-8606-afbd8e84414d,2022-10-19,19217.345,2344968.41826054
Bitcoin,BTC,1,3fe01468-69a7-4cb2-8606-afbd8e84414d,2022-10-20,19133.535,1777927.96566103
Bitcoin,BTC,1,3fe01468-69a7-4cb2-8606-afbd8e84414d,2022-10-21,18972.415,1862711.19153102
Bitcoin,BTC,1,3fe01468-69a7-4cb2-8606-afbd8e84414d,2022-10-22,19185.65,1261099.29464399
Bitcoin,BTC,1,3fe01468-69a7-4cb2-8606-afbd8e84414d,2022-10-23,19384.735,1297836.78580575
Bitcoin,BTC,1,3fe01468-69a7-4cb2-8606-afbd8e84414d,2022-10-24,19378.635000000002,1844797.6466454
Bitcoin,BTC,1,3fe01468-69a7-4cb2-8606-afbd8e84414d,2022-10-25,19828.975,1891425.34095505
Bitcoin,BTC,1,3fe01468-69a7-4cb2-8606-afbd8e84414d,2022-10-26,20536.265,2570391.38505253
Bitcoin,BTC,1,3fe01468-69a7-4cb2-8606-afbd8e84414d,2022-10-27,20541.665,2653049.64260146
Bitcoin,BTC,1,3fe01468-69a7-4cb2-8606-afbd8e84414d,2022-10-28,20391.495,1819986.14735933
Bitcoin,BTC,1,3fe01468-69a7-4cb2-8606-afbd8e84414d,2022-10-29,20814.475,1846580.73311053
Bitcoin,BTC,1,3fe01468-69a7-4cb2-8606-afbd8e84414d,2022-10-30,20729.91,1323024.31607658
Bitcoin,BTC,1,3fe01468-69a7-4cb2-8606-afbd8e84414d,2022-10-31,20538.11,2101561.48411192
Bitcoin,BTC,1,3fe01468-69a7-4cb2-8606-afbd8e84414d,2022-11-01,20510.465,2112775.54212618
Bitcoin,BTC,1,3fe01468-69a7-4cb2-8606-afbd8e84414d,2022-11-02,20431.370000000003,2461202.92281045
Bitcoin,BTC,1,3fe01468-69a7-4cb2-8606-afbd8e84414d,2022-11-03,20213.12,3427399.93442351
Bitcoin,BTC,1,3fe01468-69a7-4cb2-8606-afbd8e84414d,2022-11-04,20739.135000000002,3677486.7085374
Bitcoin,BTC,1,3fe01468-69a7-4cb2-8606-afbd8e84414d,2022-11-05,21278.625,1912637.85998639
Bitcoin,BTC,1,3fe01468-69a7-4cb2-8606-afbd8e84414d,2022-11-06,21128.46,3904182.57097207
Bitcoin,BTC,1,3fe01468-69a7-4cb2-8606-afbd8e84414d,2022-11-07,20731.06,3924826.37231952
Bitcoin,BTC,1,3fe01468-69a7-4cb2-8606-afbd8e84414d,2022-11-08,19062.559999999998,2127550.48869661
Bitcoin,BTC,1,3fe01468-69a7-4cb2-8606-afbd8e84414d,2022-11-09,17064.305,3710317.25160002
Bitcoin,BTC,1,3fe01468-69a7-4cb2-8606-afbd8e84414d,2022-11-10,16894.045,3918655.76513652
Bitcoin,BTC,1,3fe01468-69a7-4cb2-8606-afbd8e84414d,2022-11-11,17013.765,4083747.78065621
Bitcoin,BTC,1,3fe01468-69a7-4cb2-8606-afbd8e84414d,2022-11-12,16835.655,2511160.22049355
Bitcoin,BTC,1,3fe01468-69a7-4cb2-8606-afbd8e84414d,2022-11-13,16578.365,3371576.68165627
Bitcoin,BTC,1,3fe01468-69a7-4cb2-8606-afbd8e84414d,2022-11-14,16477.760000000002,3181831.0516961
Bitcoin,BTC,1,3fe01468-69a7-4cb2-8606-afbd8e84414d,2022-11-15,16800.455,2704574.94945629
Bitcoin,BTC,1,3fe01468-69a7-4cb2-8606-afbd8e84414d,2022-11-16,16680.870000000003,2197904.18462941
Bitcoin,BTC,1,3fe01468-69a7-4cb2-8606-afbd8e84414d,2022-11-17,16568.61,1608293.995087
Bitcoin,BTC,1,3fe01468-69a7-4cb2-8606-afbd8e84414d,2022-11-18,16753.455,1797707.16883442
Bitcoin,BTC,1,3fe01468-69a7-4cb2-8606-afbd8e84414d,2022-11-19,16668.879999999997,1188723.01135342
Bitcoin,BTC,1,3fe01468-69a7-4cb2-8606-afbd8e84414d,2022-11-20,16449.6,1633639.75507544
Bitcoin,BTC,1,3fe01468-69a7-4cb2-8606-afbd8e84414d,2022-11-21,15876.58,1744871.13830156
Bitcoin,BTC,1,3fe01468-69a7-4cb2-8606-afbd8e84414d,2022-11-22,15938.689999999999,1528416.00969484
Bitcoin,BTC,1,3fe01468-69a7-4cb2-8606-afbd8e84414d,2022-11-23,16410.64,1271249.92280195
Bitcoin,BTC,1,3fe01468-69a7-4cb2-8606-afbd8e84414d,2022-11-24,16620.71,929311.39685122
Bitcoin,BTC,1,3fe01468-69a7-4cb2-8606-afbd8e84414d,2022-11-25,16471.285,1517766.10159527
Bitcoin,BTC,1,3fe01468-69a7-4cb2-8606-afbd8e84414d,2022-11-26,16534.91,794920.33457653
Bitcoin,BTC,1,3fe01468-69a7-4cb2-8606-afbd8e84414d,2022-11-27,16494.545,693341.99957608
Bitcoin,BTC,1,3fe01468-69a7-4cb2-8606-afbd8e84414d,2022-11-28,16239.29,988137.38336198
Bitcoin,BTC,1,3fe01468-69a7-4cb2-8606-afbd8e84414d,2022-11-29,16312.545,943505.66752368
Bitcoin,BTC,1,3fe01468-69a7-4cb2-8606-afbd8e84414d,2022-11-30,16820.68,867578.71256194
Bitcoin,BTC,1,3fe01468-69a7-4cb2-8606-afbd8e84414d,2022-12-01,17060.57,891519.36744214
Bitcoin,BTC,1,3fe01468-69a7-4cb2-8606-afbd8e84414d,2022-12-02,16964.545,814875.12873516
Bitcoin,BTC,1,3fe01468-69a7-4cb2-8606-afbd8e84414d,2022-12-03,17010.575,686948.13272853
Bitcoin,BTC,1,3fe01468-69a7-4cb2-8606-afbd8e84414d,2022-12-04,17039.655,561992.00407515
Bitcoin,BTC,1,3fe01468-69a7-4cb2-8606-afbd8e84414d,2022-12-05,17144.285,922708.73546844
Bitcoin,BTC,1,3fe01468-69a7-4cb2-8606-afbd8e84414d,2022-12-06,17009.440000000002,806304.57185077
Bitcoin,BTC,1,3fe01468-69a7-4cb2-8606-afbd8e84414d,2022-12-07,16920.095,894608.8607572
Bitcoin,BTC,1,3fe01468-69a7-4cb2-8606-afbd8e84414d,2022-12-08,17022.25,942080.8327876
Bitcoin,BTC,1,3fe01468-69a7-4cb2-8606-afbd8e84414d,2022-12-09,17198.39,881416.38500325
Bitcoin,BTC,1,3fe01468-69a7-4cb2-8606-afbd8e84414d,2022-12-10,17161.98,675374.87208344
Bitcoin,BTC,1,3fe01468-69a7-4cb2-8606-afbd8e84414d,2022-12-11,17170.03,629574.63755485
Bitcoin,BTC,1,3fe01468-69a7-4cb2-8606-afbd8e84414d,2022-12-12,17060.440000000002,869451.69934299
Bitcoin,BTC,1,3fe01468-69a7-4cb2-8606-afbd8e84414d,2022-12-13,17520.65,1262929.24371663
Bitcoin,BTC,1,3fe01468-69a7-4cb2-8606-afbd8e84414d,2022-12-14,18014.325,1372297.6011684
Bitcoin,BTC,1,3fe01468-69a7-4cb2-8606-afbd8e84414d,2022-12-15,17575.305,1035331.23155547
Bitcoin,BTC,1,3fe01468-69a7-4cb2-8606-afbd8e84414d,2022-12-16,17066.105000000003,1122824.32911114
Bitcoin,BTC,1,3fe01468-69a7-4cb2-8606-afbd8e84414d,2022-12-17,16693.870000000003,788260.73268614
Bitcoin,BTC,1,3fe01468-69a7-4cb2-8606-afbd8e84414d,2022-12-18,16751.93,707201.71785237
Bitcoin,BTC,1,3fe01468-69a7-4cb2-8606-afbd8e84414d,2022-12-19,16581.895,1048878.13559083
Bitcoin,BTC,1,3fe01468-69a7-4cb2-8606-afbd8e84414d,2022-12-20,16716.809999999998,992503.22100498
Bitcoin,BTC,1,3fe01468-69a7-4cb2-8606-afbd8e84414d,2022-12-21,16830.36,864794.50527706
Bitcoin,BTC,1,3fe01468-69a7-4cb2-8606-afbd8e84414d,2022-12-22,16716.045,821592.26302762
Bitcoin,BTC,1,3fe01468-69a7-4cb2-8606-afbd8e84414d,2022-12-23,16835.394999999997,884534.80236635
Bitcoin,BTC,1,3fe01468-69a7-4cb2-8606-afbd8e84414d,2022-12-24,16818.65,605647.13987257
Bitcoin,BTC,1,3fe01468-69a7-4cb2-8606-afbd8e84414d,2022-12-25,16793.65,575331.16918972
Bitcoin,BTC,1,3fe01468-69a7-4cb2-8606-afbd8e84414d,2022-12-26,16861.82,659881.78128907
Bitcoin,BTC,1,3fe01468-69a7-4cb2-8606-afbd8e84414d,2022-12-27,16783.17,741006.80473078
Bitcoin,BTC,1,3fe01468-69a7-4cb2-8606-afbd8e84414d,2022-12-28,16619.67,873018.26121913
Bitcoin,BTC,1,3fe01468-69a7-4cb2-8606-afbd8e84414d,2022-12-29,16568.620000000003,869143.27568519
Bitcoin,BTC,1,3fe01468-69a7-4cb2-8606-afbd8e84414d,2022-12-30,16501.005,886838.70215042
Bitcoin,BTC,1,3fe01468-69a7-4cb2-8606-afbd8e84414d,2022-12-31,16556.254999999997,626344.32083364
Bitcoin,BTC,1,3fe01468-69a7-4cb2-8606-afbd8e84414d,2023-01-01,16561.335,557067.33226239
Bitcoin,BTC,1,3fe01468-69a7-4cb2-8606-afbd8e84414d,2023-01-02,16656.11,687118.9776572
Bitcoin,BTC,1,3fe01468-69a7-4cb2-8606-afbd8e84414d,2023-01-03,16685.855,826711.60946184
Bitcoin,BTC,1,3fe01468-69a7-4cb2-8606-afbd8e84414d,2023-01-04,16811.82,873364.01096547
Bitcoin,BTC,1,3fe01468-69a7-4cb2-8606-afbd8e84414d,2023-01-05,16817.239999999998,880423.9940731
Bitcoin,BTC,1,3fe01468-69a7-4cb2-8606-afbd8e84414d,2023-01-06,16850.595,996723.06363212
Bitcoin,BTC,1,3fe01468-69a7-4cb2-8606-afbd8e84414d,2023-01-07,16939.004999999997,746382.94655099
Bitcoin,BTC,1,3fe01468-69a7-4cb2-8606-afbd8e84414d,2023-01-08,17022.745,713516.52694867
Bitcoin,BTC,1,3fe01468-69a7-4cb2-8606-afbd8e84414d,2023-01-09,17245.395,1053342.29309334
Bitcoin,BTC,1,3fe01468-69a7-4cb2-8606-afbd8e84414d,2023-01-10,17316.465,976337.60011557
Bitcoin,BTC,1,3fe01468-69a7-4cb2-8606-afbd8e84414d,2023-01-11,17655.58,861426.98004759
Bitcoin,BTC,1,3fe01468-69a7-4cb2-8606-afbd8e84414d,2023-01-12,18499.355000000003,1084938.92042508
Bitcoin,BTC,1,3fe01468-69a7-4cb2-8606-afbd8e84414d,2023-01-13,19354.84,1086017.61123041
Bitcoin,BTC,1,3fe01468-69a7-4cb2-8606-afbd8e84414d,2023-01-14,20575.46,923781.21997872
Bitcoin,BTC,1,3fe01468-69a7-4cb2-8606-afbd8e84414d,2023-01-15,20811.675,752455.53709395
Bitcoin,BTC,1,3fe01468-69a7-4cb2-8606-afbd8e84414d,2023-01-16,21037.36,828838.34796946
Bitcoin,BTC,1,3fe01468-69a7-4cb2-8606-afbd8e84414d,2023-01-17,21210.795,1006166.23397143
Bitcoin,BTC,1,3fe01468-69a7-4cb2-8606-afbd8e84414d,2023-01-18,21018.14,900026.6785088
Bitcoin,BTC,1,3fe01468-69a7-4cb2-8606-afbd8e84414d,2023-01-19,20925.71,814820.2785567
Bitcoin,BTC,1,3fe01468-69a7-4cb2-8606-afbd8e84414d,2023-01-20,21804.574999999997,827030.57382341
Bitcoin,BTC,1,3fe01468-69a7-4cb2-8606-afbd8e84414d,2023-01-21,22896.48,838929.50348722
Bitcoin,BTC,1,3fe01468-69a7-4cb2-8606-afbd8e84414d,2023-01-22,22707.675000000003,650097.11412533
Bitcoin,BTC,1,3fe01468-69a7-4cb2-8606-afbd8e84414d,2023-01-23,22870.165,848769.10289223
Bitcoin,BTC,1,3fe01468-69a7-4cb2-8606-afbd8e84414d,2023-01-24,22822.309999999998,759210.12651356
Bitcoin,BTC,1,3fe01468-69a7-4cb2-8606-afbd8e84414d,2023-01-25,23077.82,847506.32791312
Bitcoin,BTC,1,3fe01468-69a7-4cb2-8606-afbd8e84414d,2023-01-26,23069.21,784070.95083402
Bitcoin,BTC,1,3fe01468-69a7-4cb2-8606-afbd8e84414d,2023-01-27,23039.795,789086.18643457
Bitcoin,BTC,1,3fe01468-69a7-4cb2-8606-afbd8e84414d,2023-01-28,23038.635000000002,517435.04753243
Bitcoin,BTC,1,3fe01468-69a7-4cb2-8606-afbd8e84414d,2023-01-29,23464.73,573135.42419847
Bitcoin,BTC,1,3fe01468-69a7-4cb2-8606-afbd8e84414d,2023-01-30,23186.815,924370.82344003
Bitcoin,BTC,1,3fe01468-69a7-4cb2-8606-afbd8e84414d,2023-01-31,22998.275,908323.28596617
Bitcoin,BTC,1,3fe01468-69a7-4cb2-8606-afbd8e84414d,2023-02-01,23296.115,911899.76377198
Bitcoin,BTC,1,3fe01468-69a7-4cb2-8606-afbd8e84414d,2023-02-02,23826.11,776455.84715818
Bitcoin,BTC,1,3fe01468-69a7-4cb2-8606-afbd8e84414d,2023-02-03,23470.335,809822.77375508
Bitcoin,BTC,1,3fe01468-69a7-4cb2-8606-afbd8e84414d,2023-02-04,23425.53,507403.12963307
Bitcoin,BTC,1,3fe01468-69a7-4cb2-8606-afbd8e84414d,2023-02-05,23113.33,540584.56520401
Bitcoin,BTC,1,3fe01468-69a7-4cb2-8606-afbd8e84414d,2023-02-06,22901.715,671736.88666602
Bitcoin,BTC,1,3fe01468-69a7-4cb2-8606-afbd8e84414d,2023-02-07,23047.945,630915.68040948
Bitcoin,BTC,1,3fe01468-69a7-4cb2-8606-afbd8e84414d,2023-02-08,23048.120000000003,659626.13796545
Bitcoin,BTC,1,3fe01468-69a7-4cb2-8606-afbd8e84414d,2023-02-09,22370.915,828184.78302325
Bitcoin,BTC,1,3fe01468-69a7-4cb2-8606-afbd8e84414d,2023-02-10,21717.7,1382005.01768876
Bitcoin,BTC,1,3fe01468-69a7-4cb2-8606-afbd8e84414d,2023-02-11,21754.364999999998,824434.21396684
Bitcoin,BTC,1,3fe01468-69a7-4cb2-8606-afbd8e84414d,2023-02-12,21870.55,710143.12992754
Bitcoin,BTC,1,3fe01468-69a7-4cb2-8606-afbd8e84414d,2023-02-13,21651.34,872938.39143094
Bitcoin,BTC,1,3fe01468-69a7-4cb2-8606-afbd8e84414d,2023-02-14,21947.985,764498.93957352
Bitcoin,BTC,1,3fe01468-69a7-4cb2-8606-afbd8e84414d,2023-02-15,23199.215,814499.26464966
Bitcoin,BTC,1,3fe01468-69a7-4cb2-8606-afbd8e84414d,2023-02-16,24377.895,1009943.34151085
Bitcoin,BTC,1,3fe01468-69a7-4cb2-8606-afbd8e84414d,2023-02-17,24190.65,930402.3711331
Bitcoin,BTC,1,3fe01468-69a7-4cb2-8606-afbd8e84414d,2023-02-18,24654.629999999997,606231.26033894
Bitcoin,BTC,1,3fe01468-69a7-4cb2-8606-afbd8e84414d,2023-02-19,24714.205,498507.27525841
Bitcoin,BTC,1,3fe01468-69a7-4cb2-8606-afbd8e84414d,2023-02-20,24485.995,698279.65122461
Bitcoin,BTC,1,3fe01468-69a7-4cb2-8606-afbd8e84414d,2023-02-21,24692.475,835617.71367771
Bitcoin,BTC,1,3fe01468-69a7-4cb2-8606-afbd8e84414d,2023-02-22,24034.775,813277.09999759
Bitcoin,BTC,1,3fe01468-69a7-4cb2-8606-afbd8e84414d,2023-02-23,24112.185,840061.72189845
Bitcoin,BTC,1,3fe01468-69a7-4cb2-8606-afbd8e84414d,2023-02-24,23478.120000000003,850392.11350703
Bitcoin,BTC,1,3fe01468-69a7-4cb2-8606-afbd8e84414d,2023-02-25,23013.565000000002,569976.56277702
Bitcoin,BTC,1,3fe01468-69a7-4cb2-8606-afbd8e84414d,2023-02-26,23370.995,550687.80745314
Bitcoin,BTC,1,3fe01468-69a7-4cb2-8606-afbd8e84414d,2023-02-27,23510.465,762396.42653601
Bitcoin,BTC,1,3fe01468-69a7-4cb2-8606-afbd8e84414d,2023-02-28,23317.809999999998,840027.38765657
Bitcoin,BTC,1,3fe01468-69a7-4cb2-8606-afbd8e84414d,2023-03-01,23500.005,843483.44230896
Bitcoin,BTC,1,3fe01468-69a7-4cb2-8606-afbd8e84414d,2023-03-02,23500.525,818901.85365899
Bitcoin,BTC,1,3fe01468-69a7-4cb2-8606-afbd8e84414d,2023-03-03,22812.19,951626.14738316
Bitcoin,BTC,1,3fe01468-69a7-4cb2-8606-afbd8e84414d,2023-03-04,22295.105000000003,574022.96487887
Bitcoin,BTC,1,3fe01468-69a7-4cb2-8606-afbd8e84414d,2023-03-05,22436.46,583585.36702751
Bitcoin,BTC,1,3fe01468-69a7-4cb2-8606-afbd8e84414d,2023-03-06,22450.41,769803.71900885
Bitcoin,BTC,1,3fe01468-69a7-4cb2-8606-afbd8e84414d,2023-03-07,22253.14,933882.01425599
Bitcoin,BTC,1,3fe01468-69a7-4cb2-8606-afbd8e84414d,2023-03-08,21952.72,868038.8880112
Bitcoin,BTC,1,3fe01468-69a7-4cb2-8606-afbd8e84414d,2023-03-09,20970.855,844190.95443848
Bitcoin,BTC,1,3fe01468-69a7-4cb2-8606-afbd8e84414d,2023-03-10,19984.165,996440.58742243
Bitcoin,BTC,1,3fe01468-69a7-4cb2-8606-afbd8e84414d,2023-03-11,20373.23,939584.32900626
Bitcoin,BTC,1,3fe01468-69a7-4cb2-8606-afbd8e84414d,2023-03-12,21331.8,669286.14102177
Bitcoin,BTC,1,3fe01468-69a7-4cb2-8606-afbd8e84414d,2023-03-13,23236.54,1160391.55693744
Bitcoin,BTC,1,3fe01468-69a7-4cb2-8606-afbd8e84414d,2023-03-14,25295.885,1168826.66787996
Bitcoin,BTC,1,3fe01468-69a7-4cb2-8606-afbd8e84414d,2023-03-15,24600.155,983348.81193509
Bitcoin,BTC,1,3fe01468-69a7-4cb2-8606-afbd8e84414d,2023-03-16,24715.825,863763.35003428
Bitcoin,BTC,1,3fe01468-69a7-4cb2-8606-afbd8e84414d,2023-03-17,26364.915,1149279.61058126
Bitcoin,BTC,1,3fe01468-69a7-4cb2-8606-afbd8e84414d,2023-03-18,27202.52,785430.40383255
Bitcoin,BTC,1,3fe01468-69a7-4cb2-8606-afbd8e84414d,2023-03-19,27675.04,885659.79275979
Bitcoin,BTC,1,3fe01468-69a7-4cb2-8606-afbd8e84414d,2023-03-20,27882.11,1314125.88185051
Bitcoin,BTC,1,3fe01468-69a7-4cb2-8606-afbd8e84414d,2023-03-21,27954.85,1158929.57882856
Bitcoin,BTC,1,3fe01468-69a7-4cb2-8606-afbd8e84414d,2023-03-22,27779.405,1050567.94426431
Bitcoin,BTC,1,3fe01468-69a7-4cb2-8606-afbd8e84414d,2023-03-23,27999.379999999997,1044625.16357369
Bitcoin,BTC,1,3fe01468-69a7-4cb2-8606-afbd8e84414d,2023-03-24,27732.48,1093192.69829012
Bitcoin,BTC,1,3fe01468-69a7-4cb2-8606-afbd8e84414d,2023-03-25,27499.65,741608.26168504
Bitcoin,BTC,1,3fe01468-69a7-4cb2-8606-afbd8e84414d,2023-03-26,27830.035,736387.11933414
Bitcoin,BTC,1,3fe01468-69a7-4cb2-8606-afbd8e84414d,2023-03-27,27304.95,1118894.87626759
Bitcoin,BTC,1,3fe01468-69a7-4cb2-8606-afbd8e84414d,2023-03-28,27080.815,1145221.34202025
Bitcoin,BTC,1,3fe01468-69a7-4cb2-8606-afbd8e84414d,2023-03-29,27951.370000000003,1120186.12279033
Bitcoin,BTC,1,3fe01468-69a7-4cb2-8606-afbd8e84414d,2023-03-30,28452.27,1514168.42260289
Bitcoin,BTC,1,3fe01468-69a7-4cb2-8606-afbd8e84414d,2023-03-31,28095.85,1077365.23176754
Bitcoin,BTC,1,3fe01468-69a7-4cb2-8606-afbd8e84414d,2023-04-01,28538.184999999998,787630.27355572
Bitcoin,BTC,1,3fe01468-69a7-4cb2-8606-afbd8e84414d,2023-04-02,28209.655,753672.81919013
Bitcoin,BTC,1,3fe01468-69a7-4cb2-8606-afbd8e84414d,2023-04-03,27892.449999999997,1064866.08306232
Bitcoin,BTC,1,3fe01468-69a7-4cb2-8606-afbd8e84414d,2023-04-04,28056.04,1098520.05700155
Bitcoin,BTC,1,3fe01468-69a7-4cb2-8606-afbd8e84414d,2023-04-05,28311.35,1117417.62926211
Bitcoin,BTC,1,3fe01468-69a7-4cb2-8606-afbd8e84414d,2023-04-06,27958.504999999997,1031407.78113551
Bitcoin,BTC,1,3fe01468-69a7-4cb2-8606-afbd8e84414d,2023-04-07,27950.855,772690.66518947
Bitcoin,BTC,1,3fe01468-69a7-4cb2-8606-afbd8e84414d,2023-04-08,28014.905,583223.44148844
Bitcoin,BTC,1,3fe01468-69a7-4cb2-8606-afbd8e84414d,2023-04-09,28180.06,591051.89080951
Bitcoin,BTC,1,3fe01468-69a7-4cb2-8606-afbd8e84414d,2023-04-10,28980.385000000002,947863.37776893
Bitcoin,BTC,1,3fe01468-69a7-4cb2-8606-afbd8e84414d,2023-04-11,30082.975,963260.87099685
Bitcoin,BTC,1,3fe01468-69a7-4cb2-8606-afbd8e84414d,2023-04-12,30102.425000000003,1182479.73097902
Bitcoin,BTC,1,3fe01468-69a7-4cb2-8606-afbd8e84414d,2023-04-13,30236.129999999997,778872.40000055
Bitcoin,BTC,1,3fe01468-69a7-4cb2-8606-afbd8e84414d,2023-04-14,30520.699999999997,1029306.27522424
Bitcoin,BTC,1,3fe01468-69a7-4cb2-8606-afbd8e84414d,2023-04-15,30425.795,768118.80167589
Bitcoin,BTC,1,3fe01468-69a7-4cb2-8606-afbd8e84414d,2023-04-16,30357.545,634651.91992739
Bitcoin,BTC,1,3fe01468-69a7-4cb2-8606-afbd8e84414d,2023-04-17,29795.015,1100206.06711427
Bitcoin,BTC,1,3fe01468-69a7-4cb2-8606-afbd8e84414d,2023-04-18,29814.239999999998,799434.54928566
Bitcoin,BTC,1,3fe01468-69a7-4cb2-8606-afbd8e84414d,2023-04-19,29515.745,786134.44062587
Bitcoin,BTC,1,3fe01468-69a7-4cb2-8606-afbd8e84414d,2023-04-20,28551.88,788964.69795914
Bitcoin,BTC,1,3fe01468-69a7-4cb2-8606-afbd8e84414d,2023-04-21,27760.125,838265.83038911
Bitcoin,BTC,1,3fe01468-69a7-4cb2-8606-afbd8e84414d,2023-04-22,27516.02,553571.77704735
Bitcoin,BTC,1,3fe01468-69a7-4cb2-8606-afbd8e84414d,2023-04-23,27589.475,487623.25536668
Bitcoin,BTC,1,3fe01468-69a7-4cb2-8606-afbd8e84414d,2023-04-24,27502.45,815330.55431638
Bitcoin,BTC,1,3fe01468-69a7-4cb2-8606-afbd8e84414d,2023-04-25,27799.285,797672.57088074
Bitcoin,BTC,1,3fe01468-69a7-4cb2-8606-afbd8e84414d,2023-04-26,28639.87,897233.85739049
Bitcoin,BTC,1,3fe01468-69a7-4cb2-8606-afbd8e84414d,2023-04-27,29143.864999999998,869057.00621343
Bitcoin,BTC,1,3fe01468-69a7-4cb2-8606-afbd8e84414d,2023-04-28,29263.72,863516.84744433
Bitcoin,BTC,1,3fe01468-69a7-4cb2-8606-afbd8e84414d,2023-04-29,29277.160000000003,589539.43436137
Bitcoin,BTC,1,3fe01468-69a7-4cb2-8606-afbd8e84414d,2023-04-30,29537.010000000002,676938.35389893
Bitcoin,BTC,1,3fe01468-69a7-4cb2-8606-afbd8e84414d,2023-05-01,28510.0,816867.80037814
Bitcoin,BTC,1,3fe01468-69a7-4cb2-8606-afbd8e84414d,2023-05-02,28397.285,673165.50410781
Bitcoin,BTC,1,3fe01468-69a7-4cb2-8606-afbd8e84414d,2023-05-03,28715.095,951363.88710711
Bitcoin,BTC,1,3fe01468-69a7-4cb2-8606-afbd8e84414d,2023-05-04,29037.120000000003,838973.71563294
Bitcoin,BTC,1,3fe01468-69a7-4cb2-8606-afbd8e84414d,2023-05-05,29275.165,821755.29578656
Bitcoin,BTC,1,3fe01468-69a7-4cb2-8606-afbd8e84414d,2023-05-06,29158.815000000002,872788.12793601
Bitcoin,BTC,1,3fe01468-69a7-4cb2-8606-afbd8e84414d,2023-05-07,28877.43,1020109.30987761
Bitcoin,BTC,1,3fe01468-69a7-4cb2-8606-afbd8e84414d,2023-05-08,28096.765,800540.69642209
Bitcoin,BTC,1,3fe01468-69a7-4cb2-8606-afbd8e84414d,2023-05-09,27739.525,745971.00853373
Bitcoin,BTC,1,3fe01468-69a7-4cb2-8606-afbd8e84414d,2023-05-10,27590.0,847529.631775
Bitcoin,BTC,1,3fe01468-69a7-4cb2-8606-afbd8e84414d,2023-05-11,27186.71,854687.57775286
Bitcoin,BTC,1,3fe01468-69a7-4cb2-8606-afbd8e84414d,2023-05-12,26464.555,961567.3125314
Bitcoin,BTC,1,3fe01468-69a7-4cb2-8606-afbd8e84414d,2023-05-13,26877.29,527760.24363758
Bitcoin,BTC,1,3fe01468-69a7-4cb2-8606-afbd8e84414d,2023-05-14,26906.485,521803.07049767
Bitcoin,BTC,1,3fe01468-69a7-4cb2-8606-afbd8e84414d,2023-05-15,27213.045,718574.08745444
Bitcoin,BTC,1,3fe01468-69a7-4cb2-8606-afbd8e84414d,2023-05-16,27087.67,884090.86037587
Bitcoin,BTC,1,3fe01468-69a7-4cb2-8606-afbd8e84414d,2023-05-17,27035.050000000003,836811.19489441
Bitcoin,BTC,1,3fe01468-69a7-4cb2-8606-afbd8e84414d,2023-05-18,26934.205,834936.15446776
Bitcoin,BTC,1,3fe01468-69a7-4cb2-8606-afbd8e84414d,2023-05-19,26918.85,731605.86635056
Bitcoin,BTC,1,3fe01468-69a7-4cb2-8606-afbd8e84414d,2023-05-20,27001.9,488585.64961833
Bitcoin,BTC,1,3fe01468-69a7-4cb2-8606-afbd8e84414d,2023-05-21,26982.325,532324.90633359
Bitcoin,BTC,1,3fe01468-69a7-4cb2-8606-afbd8e84414d,2023-05-22,26814.32,837237.75824717
Bitcoin,BTC,1,3fe01468-69a7-4cb2-8606-afbd8e84414d,2023-05-23,27141.875,948190.13858639
Bitcoin,BTC,1,3fe01468-69a7-4cb2-8606-afbd8e84414d,2023-05-24,26657.09,991723.42854518
Bitcoin,BTC,1,3fe01468-69a7-4cb2-8606-afbd8e84414d,2023-05-25,26239.68,849143.14883371
Bitcoin,BTC,1,3fe01468-69a7-4cb2-8606-afbd8e84414d,2023-05-26,26638.61,720918.58634519
Bitcoin,BTC,1,3fe01468-69a7-4cb2-8606-afbd8e84414d,2023-05-27,26742.22,541931.89744507
Bitcoin,BTC,1,3fe01468-69a7-4cb2-8606-afbd8e84414d,2023-05-28,27522.145,630627.19369953
Bitcoin,BTC,1,3fe01468-69a7-4cb2-8606-afbd8e84414d,2023-05-29,28002.71,880581.26576991
Bitcoin,BTC,1,3fe01468-69a7-4cb2-8606-afbd8e84414d,2023-05-30,27808.690000000002,1012502.26534067
Bitcoin,BTC,1,3fe01468-69a7-4cb2-8606-afbd8e84414d,2023-05-31,27346.855,1390860.7624122
Bitcoin,BTC,1,3fe01468-69a7-4cb2-8606-afbd8e84414d,2023-06-01,26995.035,1100258.08971294
Bitcoin,BTC,1,3fe01468-69a7-4cb2-8606-afbd8e84414d,2023-06-02,26912.96,1256071.16514863
Bitcoin,BTC,1,3fe01468-69a7-4cb2-8606-afbd8e84414d,2023-06-03,27141.35,819875.23660259
Bitcoin,BTC,1,3fe01468-69a7-4cb2-8606-afbd8e84414d,2023-06-04,27205.595,962564.39280642
Bitcoin,BTC,1,3fe01468-69a7-4cb2-8606-afbd8e84414d,2023-06-05,26275.230000000003,1536383.67530434
Bitcoin,BTC,1,3fe01468-69a7-4cb2-8606-afbd8e84414d,2023-06-06,26377.489999999998,1353634.71388411
Bitcoin,BTC,1,3fe01468-69a7-4cb2-8606-afbd8e84414d,2023-06-07,26778.915,1020736.89181465
Bitcoin,BTC,1,3fe01468-69a7-4cb2-8606-afbd8e84414d,2023-06-08,26519.434999999998,1059386.57146023
Bitcoin,BTC,1,3fe01468-69a7-4cb2-8606-afbd8e84414d,2023-06-09,26536.725,1118985.1425051
Bitcoin,BTC,1,3fe01468-69a7-4cb2-8606-afbd8e84414d,2023-06-10,25997.1,1031633.67734676
Bitcoin,BTC,1,3fe01468-69a7-4cb2-8606-afbd8e84414d,2023-06-11,25934.135000000002,1025490.69973081
Bitcoin,BTC,1,3fe01468-69a7-4cb2-8606-afbd8e84414d,2023-06-12,25862.07,1167701.62240401
Bitcoin,BTC,1,3fe01468-69a7-4cb2-8606-afbd8e84414d,2023-06-13,26070.52,1001925.95822359
Bitcoin,BTC,1,3fe01468-69a7-4cb2-8606-afbd8e84414d,2023-06-14,25453.985,960062.18674062
Bitcoin,BTC,1,3fe01468-69a7-4cb2-8606-afbd8e84414d,2023-06-15,25252.915,931644.11965535
Bitcoin,BTC,1,3fe01468-69a7-4cb2-8606-afbd8e84414d,2023-06-16,25821.32,992766.09333734
Bitcoin,BTC,1,3fe01468-69a7-4cb2-8606-afbd8e84414d,2023-06-17,26473.730000000003,677173.32029122
Bitcoin,BTC,1,3fe01468-69a7-4cb2-8606-afbd8e84414d,2023-06-18,26474.68,755464.6991553
Bitcoin,BTC,1,3fe01468-69a7-4cb2-8606-afbd8e84414d,2023-06-19,26648.129999999997,957852.91249587
Bitcoin,BTC,1,3fe01468-69a7-4cb2-8606-afbd8e84414d,2023-06-20,27528.199999999997,1060969.17165054
Bitcoin,BTC,1,3fe01468-69a7-4cb2-8606-afbd8e84414d,2023-06-21,29526.985,1219055.77862447
Bitcoin,BTC,1,3fe01468-69a7-4cb2-8606-afbd8e84414d,2023-06-22,30034.91,1175385.98853292
Bitcoin,BTC,1,3fe01468-69a7-4cb2-8606-afbd8e84414d,2023-06-23,30614.495000000003,1059356.20741796
Bitcoin,BTC,1,3fe01468-69a7-4cb2-8606-afbd8e84414d,2023-06-24,30543.495000000003,729531.75307792
Bitcoin,BTC,1,3fe01468-69a7-4cb2-8606-afbd8e84414d,2023-06-25,30673.254999999997,776166.18871531
Bitcoin,BTC,1,3fe01468-69a7-4cb2-8606-afbd8e84414d,2023-06-26,30294.885000000002,1042169.69589293
Bitcoin,BTC,1,3fe01468-69a7-4cb2-8606-afbd8e84414d,2023-06-27,30622.39,989993.55570137
Bitcoin,BTC,1,3fe01468-69a7-4cb2-8606-afbd8e84414d,2023-06-28,30289.449999999997,931843.22890818
Bitcoin,BTC,1,3fe01468-69a7-4cb2-8606-afbd8e84414d,2023-06-29,30436.73,1141335.52593183
Bitcoin,BTC,1,3fe01468-69a7-4cb2-8606-afbd8e84414d,2023-06-30,30440.22,1147700.61110909
Bitcoin,BTC,1,3fe01468-69a7-4cb2-8606-afbd8e84414d,2023-07-01,30487.975,760626.74914011
Bitcoin,BTC,1,3fe01468-69a7-4cb2-8606-afbd8e84414d,2023-07-02,30489.245000000003,589951.41845711
Bitcoin,BTC,1,3fe01468-69a7-4cb2-8606-afbd8e84414d,2023-07-03,30981.25,929045.20852706
Bitcoin,BTC,1,3fe01468-69a7-4cb2-8606-afbd8e84414d,2023-07-04,30983.17,865320.44243621
Bitcoin,BTC,1,3fe01468-69a7-4cb2-8606-afbd8e84414d,2023-07-05,30539.275,855614.57238749
Bitcoin,BTC,1,3fe01468-69a7-4cb2-8606-afbd8e84414d,2023-07-06,30693.795,928908.84714568
Bitcoin,BTC,1,3fe01468-69a7-4cb2-8606-afbd8e84414d,2023-07-07,30088.52,924497.33836535
Bitcoin,BTC,1,3fe01468-69a7-4cb2-8606-afbd8e84414d,2023-07-08,30219.63,708110.53886925
Bitcoin,BTC,1,3fe01468-69a7-4cb2-8606-afbd8e84414d,2023-07-09,30257.894999999997,721745.73821322
Bitcoin,BTC,1,3fe01468-69a7-4cb2-8606-afbd8e84414d,2023-07-10,30504.54,913774.63745228
Bitcoin,BTC,1,3fe01468-69a7-4cb2-8606-afbd8e84414d,2023-07-11,30560.545,815970.18760218
Bitcoin,BTC,1,3fe01468-69a7-4cb2-8606-afbd8e84414d,2023-07-12,30598.870000000003,904499.00418529
Bitcoin,BTC,1,3fe01468-69a7-4cb2-8606-afbd8e84414d,2023-07-13,31049.05,930321.16897852
Bitcoin,BTC,1,3fe01468-69a7-4cb2-8606-afbd8e84414d,2023-07-14,30783.225,946356.1511888
Bitcoin,BTC,1,3fe01468-69a7-4cb2-8606-afbd8e84414d,2023-07-15,30330.975,680788.21959551
Bitcoin,BTC,1,3fe01468-69a7-4cb2-8606-afbd8e84414d,2023-07-16,30265.79,686696.66773172
Bitcoin,BTC,1,3fe01468-69a7-4cb2-8606-afbd8e84414d,2023-07-17,30007.035,865536.88858826
Bitcoin,BTC,1,3fe01468-69a7-4cb2-8606-afbd8e84414d,2023-07-18,29891.995000000003,1109685.06474375
Bitcoin,BTC,1,3fe01468-69a7-4cb2-8606-afbd8e84414d,2023-07-19,29982.42,894747.30188572
Bitcoin,BTC,1,3fe01468-69a7-4cb2-8606-afbd8e84414d,2023-07-20,29998.8,864106.06991487
Bitcoin,BTC,1,3fe01468-69a7-4cb2-8606-afbd8e84414d,2023-07-21,29897.5,744311.18484812
Bitcoin,BTC,1,3fe01468-69a7-4cb2-8606-afbd8e84414d,2023-07-22,29820.285000000003,526723.29914817
Bitcoin,BTC,1,3fe01468-69a7-4cb2-8606-afbd8e84414d,2023-07-23,30041.755,535511.3570355
Bitcoin,BTC,1,3fe01468-69a7-4cb2-8606-afbd8e84414d,2023-07-24,29481.46,752843.95636035
Bitcoin,BTC,1,3fe01468-69a7-4cb2-8606-afbd8e84414d,2023-07-25,29213.065000000002,691905.03817442
Bitcoin,BTC,1,3fe01468-69a7-4cb2-8606-afbd8e84414d,2023-07-26,29390.67,701005.75201708
Bitcoin,BTC,1,3fe01468-69a7-4cb2-8606-afbd8e84414d,2023-07-27,29325.03,739623.50628037
Bitcoin,BTC,1,3fe01468-69a7-4cb2-8606-afbd8e84414d,2023-07-28,29324.72,786619.92049971
Bitcoin,BTC,1,3fe01468-69a7-4cb2-8606-afbd8e84414d,2023-07-29,29331.825,536663.1513003
Bitcoin,BTC,1,3fe01468-69a7-4cb2-8606-afbd8e84414d,2023-07-30,29248.105000000003,625826.08023618
Bitcoin,BTC,1,3fe01468-69a7-4cb2-8606-afbd8e84414d,2023-07-31,29316.98,797988.16513782
Bitcoin,BTC,1,3fe01468-69a7-4cb2-8606-afbd8e84414d,2023-08-01,29148.835,757590.1896846
Bitcoin,BTC,1,3fe01468-69a7-4cb2-8606-afbd8e84414d,2023-08-02,29469.86,689168.23358378
Bitcoin,BTC,1,3fe01468-69a7-4cb2-8606-afbd8e84414d,2023-08-03,29170.605,690635.50350783
Bitcoin,BTC,1,3fe01468-69a7-4cb2-8606-afbd8e84414d,2023-08-04,29050.364999999998,660473.31801056
Bitcoin,BTC,1,3fe01468-69a7-4cb2-8606-afbd8e84414d,2023-08-05,29031.92,581305.90634945
Bitcoin,BTC,1,3fe01468-69a7-4cb2-8606-afbd8e84414d,2023-08-06,29063.809999999998,505741.63154948
Bitcoin,BTC,1,3fe01468-69a7-4cb2-8606-afbd8e84414d,2023-08-07,28958.555,894423.96883424
Bitcoin,BTC,1,3fe01468-69a7-4cb2-8606-afbd8e84414d,2023-08-08,29658.805,898828.73571849
Bitcoin,BTC,1,3fe01468-69a7-4cb2-8606-afbd8e84414d,2023-08-09,29738.684999999998,873150.84401354
Bitcoin,BTC,1,3fe01468-69a7-4cb2-8606-afbd8e84414d,2023-08-10,29515.945,941072.41948828
Bitcoin,BTC,1,3fe01468-69a7-4cb2-8606-afbd8e84414d,2023-08-11,29377.84,818625.19482445
Bitcoin,BTC,1,3fe01468-69a7-4cb2-8606-afbd8e84414d,2023-08-12,29413.905,735684.3152159
Bitcoin,BTC,1,3fe01468-69a7-4cb2-8606-afbd8e84414d,2023-08-13,29352.879999999997,623711.50129986
Bitcoin,BTC,1,3fe01468-69a7-4cb2-8606-afbd8e84414d,2023-08-14,29375.125,858431.96760827
Bitcoin,BTC,1,3fe01468-69a7-4cb2-8606-afbd8e84414d,2023-08-15,29260.35,802670.92381798
Bitcoin,BTC,1,3fe01468-69a7-4cb2-8606-afbd8e84414d,2023-08-16,28961.965,911735.1443741
Bitcoin,BTC,1,3fe01468-69a7-4cb2-8606-afbd8e84414d,2023-08-17,27063.68,1218979.26840994
Bitcoin,BTC,1,3fe01468-69a7-4cb2-8606-afbd8e84414d,2023-08-18,26228.0,1007438.47128714
Bitcoin,BTC,1,3fe01468-69a7-4cb2-8606-afbd8e84414d,2023-08-19,26029.75,663964.78052426
Bitcoin,BTC,1,3fe01468-69a7-4cb2-8606-afbd8e84414d,2023-08-20,26140.035,603806.41238073
Bitcoin,BTC,1,3fe01468-69a7-4cb2-8606-afbd8e84414d,2023-08-21,26034.22,1018065.9101332
Bitcoin,BTC,1,3fe01468-69a7-4cb2-8606-afbd8e84414d,2023-08-22,25760.73,1052524.29717582
Bitcoin,BTC,1,3fe01468-69a7-4cb2-8606-afbd8e84414d,2023-08-23,26302.510000000002,1064131.31691237
Bitcoin,BTC,1,3fe01468-69a7-4cb2-8606-afbd8e84414d,2023-08-24,26218.545,860217.34428958
Bitcoin,BTC,1,3fe01468-69a7-4cb2-8606-afbd8e84414d,2023-08-25,26027.445,782152.49201934
Bitcoin,BTC,1,3fe01468-69a7-4cb2-8606-afbd8e84414d,2023-08-26,26044.3,578582.57901969
Bitcoin,BTC,1,3fe01468-69a7-4cb2-8606-afbd8e84414d,2023-08-27,26067.67,787372.41563527
Bitcoin,BTC,1,3fe01468-69a7-4cb2-8606-afbd8e84414d,2023-08-28,26040.905,906625.16246492
Bitcoin,BTC,1,3fe01468-69a7-4cb2-8606-afbd8e84414d,2023-08-29,27028.755,996346.51061662
Bitcoin,BTC,1,3fe01468-69a7-4cb2-8606-afbd8e84414d,2023-08-30,27404.33,996724.5943983
Bitcoin,BTC,1,3fe01468-69a7-4cb2-8606-afbd8e84414d,2023-08-31,26615.055,819757.2092511
Bitcoin,BTC,1,3fe01468-69a7-4cb2-8606-afbd8e84414d,2023-09-01,25730.4,928169.13478699
Bitcoin,BTC,1,3fe01468-69a7-4cb2-8606-afbd8e84414d,2023-09-02,25855.425,606921.53893418
Bitcoin,BTC,1,3fe01468-69a7-4cb2-8606-afbd8e84414d,2023-09-03,25962.480000000003,485496.14223069
Bitcoin,BTC,1,3fe01468-69a7-4cb2-8606-afbd8e84414d,2023-09-04,25862.7,647188.86860383
Bitcoin,BTC,1,3fe01468-69a7-4cb2-8606-afbd8e84414d,2023-09-05,25721.29,710722.93756152
Bitcoin,BTC,1,3fe01468-69a7-4cb2-8606-afbd8e84414d,2023-09-06,25698.595,697201.70189679
Bitcoin,BTC,1,3fe01468-69a7-4cb2-8606-afbd8e84414d,2023-09-07,26013.065000000002,696458.63623578
Bitcoin,BTC,1,3fe01468-69a7-4cb2-8606-afbd8e84414d,2023-09-08,26046.934999999998,644500.16843369
Bitcoin,BTC,1,3fe01468-69a7-4cb2-8606-afbd8e84414d,2023-09-09,25867.16,551899.92790398
Bitcoin,BTC,1,3fe01468-69a7-4cb2-8606-afbd8e84414d,2023-09-10,25806.690000000002,637600.87166213
Bitcoin,BTC,1,3fe01468-69a7-4cb2-8606-afbd8e84414d,2023-09-11,25403.885000000002,735758.91717852
Bitcoin,BTC,1,3fe01468-69a7-4cb2-8606-afbd8e84414d,2023-09-12,25834.165,819176.0997944
Bitcoin,BTC,1,3fe01468-69a7-4cb2-8606-afbd8e84414d,2023-09-13,26089.855,674613.85589161
Bitcoin,BTC,1,3fe01468-69a7-4cb2-8606-afbd8e84414d,2023-09-14,26487.32,766395.18662212
Bitcoin,BTC,1,3fe01468-69a7-4cb2-8606-afbd8e84414d,2023-09-15,26550.58,862601.82189634
Bitcoin,BTC,1,3fe01468-69a7-4cb2-8606-afbd8e84414d,2023-09-16,26615.015,646453.40519024
Bitcoin,BTC,1,3fe01468-69a7-4cb2-8606-afbd8e84414d,2023-09-17,26516.254999999997,579312.66808139
Bitcoin,BTC,1,3fe01468-69a7-4cb2-8606-afbd8e84414d,2023-09-18,26912.2,786799.8709509
Bitcoin,BTC,1,3fe01468-69a7-4cb2-8606-afbd8e84414d,2023-09-19,27085.625,857700.73182935
Bitcoin,BTC,1,3fe01468-69a7-4cb2-8606-afbd8e84414d,2023-09-20,27104.489999999998,934869.19778221
Bitcoin,BTC,1,3fe01468-69a7-4cb2-8606-afbd8e84414d,2023-09-21,26766.165,713940.14147705
Bitcoin,BTC,1,3fe01468-69a7-4cb2-8606-afbd8e84414d,2023-09-22,26609.58,641040.27097581
Bitcoin,BTC,1,3fe01468-69a7-4cb2-8606-afbd8e84414d,2023-09-23,26581.574999999997,475221.18909108
Bitcoin,BTC,1,3fe01468-69a7-4cb2-8606-afbd8e84414d,2023-09-24,26276.69,0.0
